case_id,red_speed,red_tr,red_br,blue_tr,blue_br,red_total,blue_total,diff,winner,red_transfer,red_tower,red_mustika,blue_transfer,blue_tower,blue_mustika,red_sanctuary_at,blue_sanctuary_at,red_mustika_at,blue_mustika_at,mustika_owner,red_complete_towers,blue_complete_towers,red_delivered_earth,red_delivered_sky,blue_delivered_earth,blue_delivered_sky
1,同等,BR要求に追従,L1最速サンクチュアリ,BR要求に追従,L1最速サンクチュアリ,180,180,0,draw,40,140,0,40,140,0,150.4,141.4,,,,2,2,5,3,5,3
2,同等,BR要求に追従,L1最速サンクチュアリ,BR要求に追従,L2高得点寄せ,180,250,-70,blue,40,140,0,40,210,0,150.4,150.2,,,,2,2,5,3,5,3
3,同等,BR要求に追従,L1最速サンクチュアリ,BR要求に追従,共有エリア先取り,140,410,-270,blue,40,100,0,30,130,250,,102.2,,139.6,blue,1,2,5,3,4,2
4,同等,BR要求に追従,L1最速サンクチュアリ,BR要求に追従,スカイ反転圧力,180,180,0,draw,40,140,0,40,140,0,150.4,141.4,,,,2,2,5,3,5,3
5,同等,BR要求に追従,L1最速サンクチュアリ,Earth先行補給,L1最速サンクチュアリ,180,440,-260,blue,40,140,0,50,140,250,150.4,131.8,,175.8,blue,2,2,5,3,7,3
6,同等,BR要求に追従,L1最速サンクチュアリ,Earth先行補給,L2高得点寄せ,180,510,-330,blue,40,140,0,50,210,250,150.4,137.8,,178,blue,2,2,5,3,7,3
7,同等,BR要求に追従,L1最速サンクチュアリ,Earth先行補給,共有エリア先取り,140,420,-280,blue,40,100,0,40,130,250,,102.2,,139.6,blue,1,2,5,3,6,2
8,同等,BR要求に追従,L1最速サンクチュアリ,Earth先行補給,スカイ反転圧力,180,440,-260,blue,40,140,0,50,140,250,150.4,131.8,,175.8,blue,2,2,5,3,7,3
9,同等,BR要求に追従,L1最速サンクチュアリ,Sky先置き準備,L1最速サンクチュアリ,180,430,-250,blue,40,140,0,40,140,250,150.4,133.2,,177.2,blue,2,2,5,3,5,3
10,同等,BR要求に追従,L1最速サンクチュアリ,Sky先置き準備,L2高得点寄せ,180,250,-70,blue,40,140,0,40,210,0,150.4,143,,,,2,2,5,3,5,3
11,同等,BR要求に追従,L1最速サンクチュアリ,Sky先置き準備,共有エリア先取り,140,415,-275,blue,40,100,0,35,130,250,,112.6,,150,blue,1,2,5,3,4,3
12,同等,BR要求に追従,L1最速サンクチュアリ,Sky先置き準備,スカイ反転圧力,180,430,-250,blue,40,140,0,40,140,250,150.4,133.2,,177.2,blue,2,2,5,3,5,3
13,同等,BR要求に追従,L2高得点寄せ,BR要求に追従,L1最速サンクチュアリ,250,180,70,red,40,210,0,40,140,0,156.2,141.4,,,,2,2,5,3,5,3
14,同等,BR要求に追従,L2高得点寄せ,BR要求に追従,L2高得点寄せ,250,250,0,draw,40,210,0,40,210,0,156.2,150.2,,,,2,2,5,3,5,3
15,同等,BR要求に追従,L2高得点寄せ,BR要求に追従,共有エリア先取り,210,140,70,red,30,180,0,40,100,0,171.4,143.8,,,,2,1,4,2,5,3
16,同等,BR要求に追従,L2高得点寄せ,BR要求に追従,スカイ反転圧力,250,180,70,red,40,210,0,40,140,0,156.2,141.4,,,,2,2,5,3,5,3
17,同等,BR要求に追従,L2高得点寄せ,Earth先行補給,L1最速サンクチュアリ,250,440,-190,blue,40,210,0,50,140,250,156.2,131.8,,175.8,blue,2,2,5,3,7,3
18,同等,BR要求に追従,L2高得点寄せ,Earth先行補給,L2高得点寄せ,250,510,-260,blue,40,210,0,50,210,250,156.2,137.8,,178,blue,2,2,5,3,7,3
19,同等,BR要求に追従,L2高得点寄せ,Earth先行補給,共有エリア先取り,425,190,235,red,35,140,250,50,140,0,135,150.4,178.2,,red,1,2,4,3,7,3
20,同等,BR要求に追従,L2高得点寄せ,Earth先行補給,スカイ反転圧力,250,440,-190,blue,40,210,0,50,140,250,156.2,131.8,,175.8,blue,2,2,5,3,7,3
21,同等,BR要求に追従,L2高得点寄せ,Sky先置き準備,L1最速サンクチュアリ,250,430,-180,blue,40,210,0,40,140,250,156.2,133.2,,177.2,blue,2,2,5,3,5,3
22,同等,BR要求に追従,L2高得点寄せ,Sky先置き準備,L2高得点寄せ,250,250,0,draw,40,210,0,40,210,0,156.2,143,,,,2,2,5,3,5,3
23,同等,BR要求に追従,L2高得点寄せ,Sky先置き準備,共有エリア先取り,445,160,285,red,35,160,250,40,120,0,131.2,150.8,174.4,,red,1,2,4,3,5,3
24,同等,BR要求に追従,L2高得点寄せ,Sky先置き準備,スカイ反転圧力,250,430,-180,blue,40,210,0,40,140,250,156.2,133.2,,177.2,blue,2,2,5,3,5,3
25,同等,BR要求に追従,共有エリア先取り,BR要求に追従,L1最速サンクチュアリ,410,140,270,red,30,130,250,40,100,0,102.6,,137,,red,2,1,4,2,5,3
26,同等,BR要求に追従,共有エリア先取り,BR要求に追従,L2高得点寄せ,140,220,-80,blue,40,100,0,40,180,0,146.8,159.4,,,,1,2,5,3,5,3
27,同等,BR要求に追従,共有エリア先取り,BR要求に追従,共有エリア先取り,95,370,-275,blue,25,70,0,30,90,250,,102.2,,139.6,blue,1,1,3,2,4,2
28,同等,BR要求に追従,共有エリア先取り,BR要求に追従,スカイ反転圧力,410,140,270,red,30,130,250,40,100,0,102.6,,137,,red,2,1,4,2,5,3
29,同等,BR要求に追従,共有エリア先取り,Earth先行補給,L1最速サンクチュアリ,410,150,260,red,30,130,250,50,100,0,102.6,,137,,red,2,1,4,2,7,3
30,同等,BR要求に追従,共有エリア先取り,Earth先行補給,L2高得点寄せ,140,470,-330,blue,30,110,0,50,170,250,156,137.8,,178,blue,2,1,4,2,7,3
31,同等,BR要求に追従,共有エリア先取り,Earth先行補給,共有エリア先取り,95,380,-285,blue,25,70,0,40,90,250,,102.2,,139.6,blue,1,1,3,2,6,2
32,同等,BR要求に追従,共有エリア先取り,Earth先行補給,スカイ反転圧力,410,150,260,red,30,130,250,50,100,0,102.6,,137,,red,2,1,4,2,7,3
33,同等,BR要求に追従,共有エリア先取り,Sky先置き準備,L1最速サンクチュアリ,410,140,270,red,30,130,250,40,100,0,102.6,,137,,red,2,1,4,2,5,3
34,同等,BR要求に追従,共有エリア先取り,Sky先置き準備,L2高得点寄せ,150,210,-60,blue,40,110,0,40,170,0,156,143,,,,2,1,5,3,5,3
35,同等,BR要求に追従,共有エリア先取り,Sky先置き準備,共有エリア先取り,370,100,270,red,30,90,250,30,70,0,102.6,,137,,red,1,1,4,2,3,3
36,同等,BR要求に追従,共有エリア先取り,Sky先置き準備,スカイ反転圧力,410,140,270,red,30,130,250,40,100,0,102.6,,137,,red,2,1,4,2,5,3
37,同等,BR要求に追従,スカイ反転圧力,BR要求に追従,L1最速サンクチュアリ,220,140,80,red,40,180,0,40,100,0,102.6,,,,,3,1,5,3,5,3
38,同等,BR要求に追従,スカイ反転圧力,BR要求に追従,L2高得点寄せ,180,250,-70,blue,40,140,0,40,210,0,150.4,150.2,,,,2,2,5,3,5,3
39,同等,BR要求に追従,スカイ反転圧力,BR要求に追従,共有エリア先取り,215,330,-115,blue,35,180,0,30,50,250,114.8,102.2,,139.6,blue,3,0,5,2,4,2
40,同等,BR要求に追従,スカイ反転圧力,BR要求に追従,スカイ反転圧力,220,140,80,red,40,180,0,40,100,0,102.6,,,,,3,1,5,3,5,3
41,同等,BR要求に追従,スカイ反転圧力,Earth先行補給,L1最速サンクチュアリ,220,150,70,red,40,180,0,50,100,0,102.6,,,,,3,1,5,3,7,3
42,同等,BR要求に追従,スカイ反転圧力,Earth先行補給,L2高得点寄せ,260,180,80,red,40,220,0,50,130,0,107.6,,,,,3,1,5,3,7,3
43,同等,BR要求に追従,スカイ反転圧力,Earth先行補給,共有エリア先取り,215,340,-125,blue,35,180,0,40,50,250,114.8,102.2,,139.6,blue,3,0,5,2,6,2
44,同等,BR要求に追従,スカイ反転圧力,Earth先行補給,スカイ反転圧力,220,150,70,red,40,180,0,50,100,0,102.6,,,,,3,1,5,3,7,3
45,同等,BR要求に追従,スカイ反転圧力,Sky先置き準備,L1最速サンクチュアリ,220,140,80,red,40,180,0,40,100,0,102.6,,,,,3,1,5,3,5,3
46,同等,BR要求に追従,スカイ反転圧力,Sky先置き準備,L2高得点寄せ,260,170,90,red,40,220,0,40,130,0,107.6,,,,,3,1,5,3,5,3
47,同等,BR要求に追従,スカイ反転圧力,Sky先置き準備,共有エリア先取り,180,100,80,red,40,140,0,30,70,0,102.6,,,,,2,1,5,3,3,3
48,同等,BR要求に追従,スカイ反転圧力,Sky先置き準備,スカイ反転圧力,220,140,80,red,40,180,0,40,100,0,102.6,,,,,3,1,5,3,5,3
49,同等,Earth先行補給,L1最速サンクチュアリ,BR要求に追従,L1最速サンクチュアリ,190,180,10,red,50,140,0,40,140,0,137.8,141.4,,,,2,2,7,3,5,3
50,同等,Earth先行補給,L1最速サンクチュアリ,BR要求に追従,L2高得点寄せ,190,250,-60,blue,50,140,0,40,210,0,137.8,150.2,,,,2,2,7,3,5,3
51,同等,Earth先行補給,L1最速サンクチュアリ,BR要求に追従,共有エリア先取り,150,410,-260,blue,50,100,0,30,130,250,,96.6,,134,blue,1,2,7,3,4,2
52,同等,Earth先行補給,L1最速サンクチュアリ,BR要求に追従,スカイ反転圧力,150,220,-70,blue,50,100,0,40,180,0,,96.6,,,,1,3,7,3,5,3
53,同等,Earth先行補給,L1最速サンクチュアリ,Earth先行補給,L1最速サンクチュアリ,190,440,-250,blue,50,140,0,50,140,250,137.8,131.8,,175.8,blue,2,2,7,3,7,3
54,同等,Earth先行補給,L1最速サンクチュアリ,Earth先行補給,L2高得点寄せ,190,510,-320,blue,50,140,0,50,210,250,137.8,137.8,,178,blue,2,2,7,3,7,3
55,同等,Earth先行補給,L1最速サンクチュアリ,Earth先行補給,共有エリア先取り,150,460,-310,blue,50,100,0,40,170,250,,96.6,,134,blue,1,2,7,3,6,2
56,同等,Earth先行補給,L1最速サンクチュアリ,Earth先行補給,スカイ反転圧力,190,440,-250,blue,50,140,0,50,140,250,137.8,131.8,,175.8,blue,2,2,7,3,7,3
57,同等,Earth先行補給,L1最速サンクチュアリ,Sky先置き準備,L1最速サンクチュアリ,190,430,-240,blue,50,140,0,40,140,250,137.8,133.2,,177.2,blue,2,2,7,3,5,3
58,同等,Earth先行補給,L1最速サンクチュアリ,Sky先置き準備,L2高得点寄せ,190,250,-60,blue,50,140,0,40,210,0,137.8,143,,,,2,2,7,3,5,3
59,同等,Earth先行補給,L1最速サンクチュアリ,Sky先置き準備,共有エリア先取り,150,415,-265,blue,50,100,0,35,130,250,,112.6,,150,blue,1,2,7,3,4,3
60,同等,Earth先行補給,L1最速サンクチュアリ,Sky先置き準備,スカイ反転圧力,190,430,-240,blue,50,140,0,40,140,250,137.8,133.2,,177.2,blue,2,2,7,3,5,3
61,同等,Earth先行補給,L2高得点寄せ,BR要求に追従,L1最速サンクチュアリ,260,180,80,red,50,210,0,40,140,0,143.8,141.4,,,,2,2,7,3,5,3
62,同等,Earth先行補給,L2高得点寄せ,BR要求に追従,L2高得点寄せ,260,250,10,red,50,210,0,40,210,0,143.8,150.2,,,,2,2,7,3,5,3
63,同等,Earth先行補給,L2高得点寄せ,BR要求に追従,共有エリア先取り,210,160,50,red,50,160,0,40,120,0,143.8,159,,,,1,2,7,3,5,3
64,同等,Earth先行補給,L2高得点寄せ,BR要求に追従,スカイ反転圧力,260,180,80,red,50,210,0,40,140,0,143.8,141.4,,,,2,2,7,3,5,3
65,同等,Earth先行補給,L2高得点寄せ,Earth先行補給,L1最速サンクチュアリ,260,440,-180,blue,50,210,0,50,140,250,143.8,131.8,,175.8,blue,2,2,7,3,7,3
66,同等,Earth先行補給,L2高得点寄せ,Earth先行補給,L2高得点寄せ,260,510,-250,blue,50,210,0,50,210,250,143.8,137.8,,178,blue,2,2,7,3,7,3
67,同等,Earth先行補給,L2高得点寄せ,Earth先行補給,共有エリア先取り,225,400,-175,blue,45,180,0,50,100,250,159,135.2,,178.4,blue,2,1,7,2,7,3
68,同等,Earth先行補給,L2高得点寄せ,Earth先行補給,スカイ反転圧力,260,440,-180,blue,50,210,0,50,140,250,143.8,131.8,,175.8,blue,2,2,7,3,7,3
69,同等,Earth先行補給,L2高得点寄せ,Sky先置き準備,L1最速サンクチュアリ,260,430,-170,blue,50,210,0,40,140,250,143.8,133.2,,177.2,blue,2,2,7,3,5,3
70,同等,Earth先行補給,L2高得点寄せ,Sky先置き準備,L2高得点寄せ,260,250,10,red,50,210,0,40,210,0,143.8,143,,,,2,2,7,3,5,3
71,同等,Earth先行補給,L2高得点寄せ,Sky先置き準備,共有エリア先取り,225,390,-165,blue,45,180,0,40,100,250,159,135.6,,178.8,blue,2,1,7,2,5,3
72,同等,Earth先行補給,L2高得点寄せ,Sky先置き準備,スカイ反転圧力,260,430,-170,blue,50,210,0,40,140,250,143.8,133.2,,177.2,blue,2,2,7,3,5,3
73,同等,Earth先行補給,共有エリア先取り,BR要求に追従,L1最速サンクチュアリ,465,140,325,red,45,170,250,40,100,0,97,,131.4,,red,2,1,7,2,5,3
74,同等,Earth先行補給,共有エリア先取り,BR要求に追従,L2高得点寄せ,400,210,190,red,50,100,250,30,180,0,135.2,144,175.4,,red,1,2,7,3,4,2
75,同等,Earth先行補給,共有エリア先取り,BR要求に追従,共有エリア先取り,105,370,-265,blue,35,70,0,30,90,250,,96.6,,134,blue,1,1,5,2,4,2
76,同等,Earth先行補給,共有エリア先取り,BR要求に追従,スカイ反転圧力,65,220,-155,blue,35,30,0,40,180,0,,96.6,,,,0,3,5,2,5,3
77,同等,Earth先行補給,共有エリア先取り,Earth先行補給,L1最速サンクチュアリ,465,150,315,red,45,170,250,50,100,0,97,,131.4,,red,2,1,7,2,7,3
78,同等,Earth先行補給,共有エリア先取り,Earth先行補給,L2高得点寄せ,400,230,170,red,50,100,250,50,180,0,135.2,147,175.4,,red,1,2,7,3,7,3
79,同等,Earth先行補給,共有エリア先取り,Earth先行補給,共有エリア先取り,105,420,-315,blue,35,70,0,40,130,250,,96.6,,134,blue,1,1,5,2,6,2
80,同等,Earth先行補給,共有エリア先取り,Earth先行補給,スカイ反転圧力,465,150,315,red,45,170,250,50,100,0,97,,131.4,,red,2,1,7,2,7,3
81,同等,Earth先行補給,共有エリア先取り,Sky先置き準備,L1最速サンクチュアリ,465,140,325,red,45,170,250,40,100,0,97,,131.4,,red,2,1,7,2,5,3
82,同等,Earth先行補給,共有エリア先取り,Sky先置き準備,L2高得点寄せ,400,220,180,red,50,100,250,40,180,0,135.2,152.2,175.4,,red,1,2,7,3,5,3
83,同等,Earth先行補給,共有エリア先取り,Sky先置き準備,共有エリア先取り,425,100,325,red,45,130,250,30,70,0,97,,131.4,,red,1,1,7,2,3,3
84,同等,Earth先行補給,共有エリア先取り,Sky先置き準備,スカイ反転圧力,465,140,325,red,45,170,250,40,100,0,97,,131.4,,red,2,1,7,2,5,3
85,同等,Earth先行補給,スカイ反転圧力,BR要求に追従,L1最速サンクチュアリ,230,140,90,red,50,180,0,40,100,0,97,,,,,3,1,7,3,5,3
86,同等,Earth先行補給,スカイ反転圧力,BR要求に追従,L2高得点寄せ,190,250,-60,blue,50,140,0,40,210,0,137.8,150.2,,,,2,2,7,3,5,3
87,同等,Earth先行補給,スカイ反転圧力,BR要求に追従,共有エリア先取り,230,330,-100,blue,50,180,0,30,50,250,109.2,96.6,,134,blue,3,0,7,3,4,2
88,同等,Earth先行補給,スカイ反転圧力,BR要求に追従,スカイ反転圧力,105,95,10,red,35,70,0,25,70,0,,96.6,,,,1,1,5,2,3,2
89,同等,Earth先行補給,スカイ反転圧力,Earth先行補給,L1最速サンクチュアリ,230,150,80,red,50,180,0,50,100,0,97,,,,,3,1,7,3,7,3
90,同等,Earth先行補給,スカイ反転圧力,Earth先行補給,L2高得点寄せ,190,510,-320,blue,50,140,0,50,210,250,137.8,137.8,,178,blue,2,2,7,3,7,3
91,同等,Earth先行補給,スカイ反転圧力,Earth先行補給,共有エリア先取り,230,380,-150,blue,50,180,0,40,90,250,109.2,96.6,,134,blue,3,0,7,3,6,2
92,同等,Earth先行補給,スカイ反転圧力,Earth先行補給,スカイ反転圧力,230,150,80,red,50,180,0,50,100,0,97,,,,,3,1,7,3,7,3
93,同等,Earth先行補給,スカイ反転圧力,Sky先置き準備,L1最速サンクチュアリ,230,140,90,red,50,180,0,40,100,0,97,,,,,3,1,7,3,5,3
94,同等,Earth先行補給,スカイ反転圧力,Sky先置き準備,L2高得点寄せ,190,250,-60,blue,50,140,0,40,210,0,137.8,143,,,,2,2,7,3,5,3
95,同等,Earth先行補給,スカイ反転圧力,Sky先置き準備,共有エリア先取り,190,100,90,red,50,140,0,30,70,0,97,,,,,2,1,7,3,3,3
96,同等,Earth先行補給,スカイ反転圧力,Sky先置き準備,スカイ反転圧力,230,140,90,red,50,180,0,40,100,0,97,,,,,3,1,7,3,5,3
97,同等,Sky先置き準備,L1最速サンクチュアリ,BR要求に追従,L1最速サンクチュアリ,180,180,0,draw,40,140,0,40,140,0,142.2,141.4,,,,2,2,5,3,5,3
98,同等,Sky先置き準備,L1最速サンクチュアリ,BR要求に追従,L2高得点寄せ,180,250,-70,blue,40,140,0,40,210,0,142.2,150.2,,,,2,2,5,3,5,3
99,同等,Sky先置き準備,L1最速サンクチュアリ,BR要求に追従,共有エリア先取り,140,410,-270,blue,40,100,0,30,130,250,,96.6,,134,blue,1,2,5,3,4,2
100,同等,Sky先置き準備,L1最速サンクチュアリ,BR要求に追従,スカイ反転圧力,140,220,-80,blue,40,100,0,40,180,0,,96.6,,,,1,3,5,3,5,3
101,同等,Sky先置き準備,L1最速サンクチュアリ,Earth先行補給,L1最速サンクチュアリ,180,440,-260,blue,40,140,0,50,140,250,142.2,131.8,,175.8,blue,2,2,5,3,7,3
102,同等,Sky先置き準備,L1最速サンクチュアリ,Earth先行補給,L2高得点寄せ,180,510,-330,blue,40,140,0,50,210,250,142.2,137.8,,178,blue,2,2,5,3,7,3
103,同等,Sky先置き準備,L1最速サンクチュアリ,Earth先行補給,共有エリア先取り,140,465,-325,blue,40,100,0,45,170,250,,94,,131.4,blue,1,2,5,3,7,2
104,同等,Sky先置き準備,L1最速サンクチュアリ,Earth先行補給,スカイ反転圧力,140,230,-90,blue,40,100,0,50,180,0,,94,,,,1,3,5,3,7,3
105,同等,Sky先置き準備,L1最速サンクチュアリ,Sky先置き準備,L1最速サンクチュアリ,180,430,-250,blue,40,140,0,40,140,250,142.2,133.2,,177.2,blue,2,2,5,3,5,3
106,同等,Sky先置き準備,L1最速サンクチュアリ,Sky先置き準備,L2高得点寄せ,180,250,-70,blue,40,140,0,40,210,0,142.2,143,,,,2,2,5,3,5,3
107,同等,Sky先置き準備,L1最速サンクチュアリ,Sky先置き準備,共有エリア先取り,140,450,-310,blue,40,100,0,30,170,250,,94,,131.4,blue,1,2,5,3,4,2
108,同等,Sky先置き準備,L1最速サンクチュアリ,Sky先置き準備,スカイ反転圧力,180,430,-250,blue,40,140,0,40,140,250,142.2,133.2,,177.2,blue,2,2,5,3,5,3
109,同等,Sky先置き準備,L2高得点寄せ,BR要求に追従,L1最速サンクチュアリ,250,180,70,red,40,210,0,40,140,0,149,141.4,,,,2,2,5,3,5,3
110,同等,Sky先置き準備,L2高得点寄せ,BR要求に追従,L2高得点寄せ,250,250,0,draw,40,210,0,40,210,0,149,150.2,,,,2,2,5,3,5,3
111,同等,Sky先置き準備,L2高得点寄せ,BR要求に追従,共有エリア先取り,220,140,80,red,40,180,0,40,100,0,164.2,143.8,,,,2,1,5,3,5,3
112,同等,Sky先置き準備,L2高得点寄せ,BR要求に追従,スカイ反転圧力,250,180,70,red,40,210,0,40,140,0,149,141.4,,,,2,2,5,3,5,3
113,同等,Sky先置き準備,L2高得点寄せ,Earth先行補給,L1最速サンクチュアリ,250,440,-190,blue,40,210,0,50,140,250,149,131.8,,175.8,blue,2,2,5,3,7,3
114,同等,Sky先置き準備,L2高得点寄せ,Earth先行補給,L2高得点寄せ,250,510,-260,blue,40,210,0,50,210,250,149,137.8,,178,blue,2,2,5,3,7,3
115,同等,Sky先置き準備,L2高得点寄せ,Earth先行補給,共有エリア先取り,220,400,-180,blue,40,180,0,50,100,250,164.2,135.2,,178.4,blue,2,1,5,3,7,3
116,同等,Sky先置き準備,L2高得点寄せ,Earth先行補給,スカイ反転圧力,250,440,-190,blue,40,210,0,50,140,250,149,131.8,,175.8,blue,2,2,5,3,7,3
117,同等,Sky先置き準備,L2高得点寄せ,Sky先置き準備,L1最速サンクチュアリ,250,430,-180,blue,40,210,0,40,140,250,149,133.2,,177.2,blue,2,2,5,3,5,3
118,同等,Sky先置き準備,L2高得点寄せ,Sky先置き準備,L2高得点寄せ,250,250,0,draw,40,210,0,40,210,0,149,143,,,,2,2,5,3,5,3
119,同等,Sky先置き準備,L2高得点寄せ,Sky先置き準備,共有エリア先取り,220,390,-170,blue,40,180,0,40,100,250,164.2,135.6,,178.8,blue,2,1,5,3,5,3
120,同等,Sky先置き準備,L2高得点寄せ,Sky先置き準備,スカイ反転圧力,250,430,-180,blue,40,210,0,40,140,250,149,133.2,,177.2,blue,2,2,5,3,5,3
121,同等,Sky先置き準備,共有エリア先取り,BR要求に追従,L1最速サンクチュアリ,450,140,310,red,30,170,250,40,100,0,96.4,,130.8,,red,2,1,4,2,5,3
122,同等,Sky先置き準備,共有エリア先取り,BR要求に追従,L2高得点寄せ,390,210,180,red,40,100,250,30,180,0,138.6,159.4,178.8,,red,1,2,5,3,4,2
123,同等,Sky先置き準備,共有エリア先取り,BR要求に追従,共有エリア先取り,410,95,315,red,30,130,250,25,70,0,96.4,,130.8,,red,1,1,4,2,3,2
124,同等,Sky先置き準備,共有エリア先取り,BR要求に追従,スカイ反転圧力,370,220,150,red,30,90,250,40,180,0,96.4,108.8,130.8,,red,0,3,4,2,5,3
125,同等,Sky先置き準備,共有エリア先取り,Earth先行補給,L1最速サンクチュアリ,450,150,300,red,30,170,250,50,100,0,94.4,,128.8,,red,2,1,4,2,7,3
126,同等,Sky先置き準備,共有エリア先取り,Earth先行補給,L2高得点寄せ,160,460,-300,blue,40,120,0,50,160,250,147.8,137.8,,178,blue,2,1,5,3,7,3
127,同等,Sky先置き準備,共有エリア先取り,Earth先行補給,共有エリア先取り,95,425,-330,blue,25,70,0,45,130,250,,94,,131.4,blue,1,1,3,2,7,2
128,同等,Sky先置き準備,共有エリア先取り,Earth先行補給,スカイ反転圧力,55,230,-175,blue,25,30,0,50,180,0,,94,,,,0,3,3,2,7,3
129,同等,Sky先置き準備,共有エリア先取り,Sky先置き準備,L1最速サンクチュアリ,450,140,310,red,30,170,250,40,100,0,94.4,,128.8,,red,2,1,4,2,5,3
130,同等,Sky先置き準備,共有エリア先取り,Sky先置き準備,L2高得点寄せ,390,220,170,red,40,100,250,40,180,0,138.6,152.2,178.8,,red,1,2,5,3,5,3
131,同等,Sky先置き準備,共有エリア先取り,Sky先置き準備,共有エリア先取り,95,410,-315,blue,25,70,0,30,130,250,,94,,131.4,blue,1,1,3,2,4,2
132,同等,Sky先置き準備,共有エリア先取り,Sky先置き準備,スカイ反転圧力,450,140,310,red,30,170,250,40,100,0,94.4,,128.8,,red,2,1,4,2,5,3
133,同等,Sky先置き準備,スカイ反転圧力,BR要求に追従,L1最速サンクチュアリ,180,180,0,draw,40,140,0,40,140,0,142.2,141.4,,,,2,2,5,3,5,3
134,同等,Sky先置き準備,スカイ反転圧力,BR要求に追従,L2高得点寄せ,180,250,-70,blue,40,140,0,40,210,0,142.2,150.2,,,,2,2,5,3,5,3
135,同等,Sky先置き準備,スカイ反転圧力,BR要求に追従,共有エリア先取り,140,410,-270,blue,40,100,0,30,130,250,,96.6,,134,blue,1,2,5,3,4,2
136,同等,Sky先置き準備,スカイ反転圧力,BR要求に追従,スカイ反転圧力,140,220,-80,blue,40,100,0,40,180,0,,96.6,,,,1,3,5,3,5,3
137,同等,Sky先置き準備,スカイ反転圧力,Earth先行補給,L1最速サンクチュアリ,220,150,70,red,40,180,0,50,100,0,94.4,,,,,3,1,5,3,7,3
138,同等,Sky先置き準備,スカイ反転圧力,Earth先行補給,L2高得点寄せ,180,510,-330,blue,40,140,0,50,210,250,142.2,137.8,,178,blue,2,2,5,3,7,3
139,同等,Sky先置き準備,スカイ反転圧力,Earth先行補給,共有エリア先取り,220,385,-165,blue,40,180,0,45,90,250,106.6,94,,131.4,blue,3,0,5,3,7,2
140,同等,Sky先置き準備,スカイ反転圧力,Earth先行補給,スカイ反転圧力,95,105,-10,blue,25,70,0,35,70,0,,94,,,,1,1,3,2,5,2
141,同等,Sky先置き準備,スカイ反転圧力,Sky先置き準備,L1最速サンクチュアリ,220,140,80,red,40,180,0,40,100,0,94.4,,,,,3,1,5,3,5,3
142,同等,Sky先置き準備,スカイ反転圧力,Sky先置き準備,L2高得点寄せ,180,250,-70,blue,40,140,0,40,210,0,142.2,143,,,,2,2,5,3,5,3
143,同等,Sky先置き準備,スカイ反転圧力,Sky先置き準備,共有エリア先取り,220,370,-150,blue,40,180,0,30,90,250,106.6,94,,131.4,blue,3,0,5,3,4,2
144,同等,Sky先置き準備,スカイ反転圧力,Sky先置き準備,スカイ反転圧力,220,140,80,red,40,180,0,40,100,0,94.4,,,,,3,1,5,3,5,3
145,1/2,BR要求に追従,L1最速サンクチュアリ,BR要求に追従,L1最速サンクチュアリ,90,180,-90,blue,20,70,0,40,140,0,,141.4,,,,1,2,3,1,5,3
146,1/2,BR要求に追従,L1最速サンクチュアリ,BR要求に追従,L2高得点寄せ,90,250,-160,blue,20,70,0,40,210,0,,150.2,,,,1,2,3,1,5,3
147,1/2,BR要求に追従,L1最速サンクチュアリ,BR要求に追従,共有エリア先取り,70,375,-305,blue,20,50,0,35,90,250,,118.8,,162,blue,1,1,3,1,4,3
148,1/2,BR要求に追従,L1最速サンクチュアリ,BR要求に追従,スカイ反転圧力,90,180,-90,blue,20,70,0,40,140,0,,141.4,,,,1,2,3,1,5,3
149,1/2,BR要求に追従,L1最速サンクチュアリ,Earth先行補給,L1最速サンクチュアリ,90,440,-350,blue,20,70,0,50,140,250,,131.8,,175.8,blue,1,2,3,1,7,3
150,1/2,BR要求に追従,L1最速サンクチュアリ,Earth先行補給,L2高得点寄せ,90,510,-420,blue,20,70,0,50,210,250,,137.8,,178,blue,1,2,3,1,7,3
151,1/2,BR要求に追従,L1最速サンクチュアリ,Earth先行補給,共有エリア先取り,80,385,-305,blue,20,60,0,45,90,250,,116.2,,159.4,blue,1,1,3,1,6,3
152,1/2,BR要求に追従,L1最速サンクチュアリ,Earth先行補給,スカイ反転圧力,90,440,-350,blue,20,70,0,50,140,250,,131.8,,175.8,blue,1,2,3,1,7,3
153,1/2,BR要求に追従,L1最速サンクチュアリ,Sky先置き準備,L1最速サンクチュアリ,90,430,-340,blue,20,70,0,40,140,250,,133.2,,177.2,blue,1,2,3,1,5,3
154,1/2,BR要求に追従,L1最速サンクチュアリ,Sky先置き準備,L2高得点寄せ,90,250,-160,blue,20,70,0,40,210,0,,143,,,,1,2,3,1,5,3
155,1/2,BR要求に追従,L1最速サンクチュアリ,Sky先置き準備,共有エリア先取り,75,400,-325,blue,15,60,0,40,110,250,,110.6,,153.8,blue,1,1,3,0,5,3
156,1/2,BR要求に追従,L1最速サンクチュアリ,Sky先置き準備,スカイ反転圧力,90,430,-340,blue,20,70,0,40,140,250,,133.2,,177.2,blue,1,2,3,1,5,3
157,1/2,BR要求に追従,L2高得点寄せ,BR要求に追従,L1最速サンクチュアリ,160,180,-20,blue,20,140,0,40,140,0,,141.4,,,,1,2,3,1,5,3
158,1/2,BR要求に追従,L2高得点寄せ,BR要求に追従,L2高得点寄せ,160,250,-90,blue,20,140,0,40,210,0,,150.2,,,,1,2,3,1,5,3
159,1/2,BR要求に追従,L2高得点寄せ,BR要求に追従,共有エリア先取り,160,180,-20,blue,20,140,0,40,140,0,,143.8,,,,1,2,3,1,5,3
160,1/2,BR要求に追従,L2高得点寄せ,BR要求に追従,スカイ反転圧力,160,180,-20,blue,20,140,0,40,140,0,,141.4,,,,1,2,3,1,5,3
161,1/2,BR要求に追従,L2高得点寄せ,Earth先行補給,L1最速サンクチュアリ,160,440,-280,blue,20,140,0,50,140,250,,131.8,,175.8,blue,1,2,3,1,7,3
162,1/2,BR要求に追従,L2高得点寄せ,Earth先行補給,L2高得点寄せ,160,510,-350,blue,20,140,0,50,210,250,,137.8,,178,blue,1,2,3,1,7,3
163,1/2,BR要求に追従,L2高得点寄せ,Earth先行補給,共有エリア先取り,160,440,-280,blue,20,140,0,50,140,250,,135.2,,178.4,blue,1,2,3,1,7,3
164,1/2,BR要求に追従,L2高得点寄せ,Earth先行補給,スカイ反転圧力,160,440,-280,blue,20,140,0,50,140,250,,131.8,,175.8,blue,1,2,3,1,7,3
165,1/2,BR要求に追従,L2高得点寄せ,Sky先置き準備,L1最速サンクチュアリ,160,430,-270,blue,20,140,0,40,140,250,,133.2,,177.2,blue,1,2,3,1,5,3
166,1/2,BR要求に追従,L2高得点寄せ,Sky先置き準備,L2高得点寄せ,160,250,-90,blue,20,140,0,40,210,0,,143,,,,1,2,3,1,5,3
167,1/2,BR要求に追従,L2高得点寄せ,Sky先置き準備,共有エリア先取り,160,430,-270,blue,20,140,0,40,140,250,,135.6,,178.8,blue,1,2,3,1,5,3
168,1/2,BR要求に追従,L2高得点寄せ,Sky先置き準備,スカイ反転圧力,160,430,-270,blue,20,140,0,40,140,250,,133.2,,177.2,blue,1,2,3,1,5,3
169,1/2,BR要求に追従,共有エリア先取り,BR要求に追従,L1最速サンクチュアリ,90,180,-90,blue,20,70,0,40,140,0,,141.4,,,,1,2,3,1,5,3
170,1/2,BR要求に追従,共有エリア先取り,BR要求に追従,L2高得点寄せ,90,250,-160,blue,20,70,0,40,210,0,,150.2,,,,1,2,3,1,5,3
171,1/2,BR要求に追従,共有エリア先取り,BR要求に追従,共有エリア先取り,110,335,-225,blue,20,90,0,35,50,250,171.4,118.8,,162,blue,2,0,3,1,4,3
172,1/2,BR要求に追従,共有エリア先取り,BR要求に追従,スカイ反転圧力,90,180,-90,blue,20,70,0,40,140,0,,141.4,,,,1,2,3,1,5,3
173,1/2,BR要求に追従,共有エリア先取り,Earth先行補給,L1最速サンクチュアリ,90,440,-350,blue,20,70,0,50,140,250,,131.8,,175.8,blue,1,2,3,1,7,3
174,1/2,BR要求に追従,共有エリア先取り,Earth先行補給,L2高得点寄せ,90,510,-420,blue,20,70,0,50,210,250,,137.8,,178,blue,1,2,3,1,7,3
175,1/2,BR要求に追従,共有エリア先取り,Earth先行補給,共有エリア先取り,110,345,-235,blue,20,90,0,45,50,250,168.8,116.2,,159.4,blue,2,0,3,1,6,3
176,1/2,BR要求に追従,共有エリア先取り,Earth先行補給,スカイ反転圧力,90,440,-350,blue,20,70,0,50,140,250,,131.8,,175.8,blue,1,2,3,1,7,3
177,1/2,BR要求に追従,共有エリア先取り,Sky先置き準備,L1最速サンクチュアリ,90,430,-340,blue,20,70,0,40,140,250,,133.2,,177.2,blue,1,2,3,1,5,3
178,1/2,BR要求に追従,共有エリア先取り,Sky先置き準備,L2高得点寄せ,90,250,-160,blue,20,70,0,40,210,0,,143,,,,1,2,3,1,5,3
179,1/2,BR要求に追従,共有エリア先取り,Sky先置き準備,共有エリア先取り,105,360,-255,blue,15,90,0,40,70,250,163.2,110.6,,153.8,blue,2,0,3,0,5,3
180,1/2,BR要求に追従,共有エリア先取り,Sky先置き準備,スカイ反転圧力,90,430,-340,blue,20,70,0,40,140,250,,133.2,,177.2,blue,1,2,3,1,5,3
181,1/2,BR要求に追従,スカイ反転圧力,BR要求に追従,L1最速サンクチュアリ,90,180,-90,blue,20,70,0,40,140,0,,141.4,,,,1,2,3,1,5,3
182,1/2,BR要求に追従,スカイ反転圧力,BR要求に追従,L2高得点寄せ,90,250,-160,blue,20,70,0,40,210,0,,150.2,,,,1,2,3,1,5,3
183,1/2,BR要求に追従,スカイ反転圧力,BR要求に追従,共有エリア先取り,110,335,-225,blue,20,90,0,35,50,250,171.4,118.8,,162,blue,2,0,3,1,4,3
184,1/2,BR要求に追従,スカイ反転圧力,BR要求に追従,スカイ反転圧力,90,180,-90,blue,20,70,0,40,140,0,,141.4,,,,1,2,3,1,5,3
185,1/2,BR要求に追従,スカイ反転圧力,Earth先行補給,L1最速サンクチュアリ,90,440,-350,blue,20,70,0,50,140,250,,131.8,,175.8,blue,1,2,3,1,7,3
186,1/2,BR要求に追従,スカイ反転圧力,Earth先行補給,L2高得点寄せ,90,510,-420,blue,20,70,0,50,210,250,,137.8,,178,blue,1,2,3,1,7,3
187,1/2,BR要求に追従,スカイ反転圧力,Earth先行補給,共有エリア先取り,110,345,-235,blue,20,90,0,45,50,250,168.8,116.2,,159.4,blue,2,0,3,1,6,3
188,1/2,BR要求に追従,スカイ反転圧力,Earth先行補給,スカイ反転圧力,90,440,-350,blue,20,70,0,50,140,250,,131.8,,175.8,blue,1,2,3,1,7,3
189,1/2,BR要求に追従,スカイ反転圧力,Sky先置き準備,L1最速サンクチュアリ,90,430,-340,blue,20,70,0,40,140,250,,133.2,,177.2,blue,1,2,3,1,5,3
190,1/2,BR要求に追従,スカイ反転圧力,Sky先置き準備,L2高得点寄せ,90,250,-160,blue,20,70,0,40,210,0,,143,,,,1,2,3,1,5,3
191,1/2,BR要求に追従,スカイ反転圧力,Sky先置き準備,共有エリア先取り,105,360,-255,blue,15,90,0,40,70,250,163.2,110.6,,153.8,blue,2,0,3,0,5,3
192,1/2,BR要求に追従,スカイ反転圧力,Sky先置き準備,スカイ反転圧力,90,430,-340,blue,20,70,0,40,140,250,,133.2,,177.2,blue,1,2,3,1,5,3
193,1/2,Earth先行補給,L1最速サンクチュアリ,BR要求に追従,L1最速サンクチュアリ,105,180,-75,blue,35,70,0,40,140,0,,141.4,,,,1,2,5,2,5,3
194,1/2,Earth先行補給,L1最速サンクチュアリ,BR要求に追従,L2高得点寄せ,105,250,-145,blue,35,70,0,40,210,0,,150.2,,,,1,2,5,2,5,3
195,1/2,Earth先行補給,L1最速サンクチュアリ,BR要求に追従,共有エリア先取り,100,355,-255,blue,30,70,0,35,70,250,,118.8,,162,blue,1,1,5,1,4,3
196,1/2,Earth先行補給,L1最速サンクチュアリ,BR要求に追従,スカイ反転圧力,105,180,-75,blue,35,70,0,40,140,0,,141.4,,,,1,2,5,2,5,3
197,1/2,Earth先行補給,L1最速サンクチュアリ,Earth先行補給,L1最速サンクチュアリ,105,440,-335,blue,35,70,0,50,140,250,,131.8,,175.8,blue,1,2,5,2,7,3
198,1/2,Earth先行補給,L1最速サンクチュアリ,Earth先行補給,L2高得点寄せ,105,510,-405,blue,35,70,0,50,210,250,,137.8,,178,blue,1,2,5,2,7,3
199,1/2,Earth先行補給,L1最速サンクチュアリ,Earth先行補給,共有エリア先取り,110,365,-255,blue,30,80,0,45,70,250,,116.2,,159.4,blue,1,1,5,1,6,3
200,1/2,Earth先行補給,L1最速サンクチュアリ,Earth先行補給,スカイ反転圧力,105,440,-335,blue,35,70,0,50,140,250,,131.8,,175.8,blue,1,2,5,2,7,3
201,1/2,Earth先行補給,L1最速サンクチュアリ,Sky先置き準備,L1最速サンクチュアリ,105,430,-325,blue,35,70,0,40,140,250,,133.2,,177.2,blue,1,2,5,2,5,3
202,1/2,Earth先行補給,L1最速サンクチュアリ,Sky先置き準備,L2高得点寄せ,105,250,-145,blue,35,70,0,40,210,0,,143,,,,1,2,5,2,5,3
203,1/2,Earth先行補給,L1最速サンクチュアリ,Sky先置き準備,共有エリア先取り,110,380,-270,blue,30,80,0,40,90,250,,110.6,,153.8,blue,1,1,5,1,5,3
204,1/2,Earth先行補給,L1最速サンクチュアリ,Sky先置き準備,スカイ反転圧力,105,430,-325,blue,35,70,0,40,140,250,,133.2,,177.2,blue,1,2,5,2,5,3
205,1/2,Earth先行補給,L2高得点寄せ,BR要求に追従,L1最速サンクチュアリ,175,180,-5,blue,35,140,0,40,140,0,,141.4,,,,1,2,5,2,5,3
206,1/2,Earth先行補給,L2高得点寄せ,BR要求に追従,L2高得点寄せ,175,250,-75,blue,35,140,0,40,210,0,,150.2,,,,1,2,5,2,5,3
207,1/2,Earth先行補給,L2高得点寄せ,BR要求に追従,共有エリア先取り,175,180,-5,blue,35,140,0,40,140,0,,143.8,,,,1,2,5,2,5,3
208,1/2,Earth先行補給,L2高得点寄せ,BR要求に追従,スカイ反転圧力,175,180,-5,blue,35,140,0,40,140,0,,141.4,,,,1,2,5,2,5,3
209,1/2,Earth先行補給,L2高得点寄せ,Earth先行補給,L1最速サンクチュアリ,175,440,-265,blue,35,140,0,50,140,250,,131.8,,175.8,blue,1,2,5,2,7,3
210,1/2,Earth先行補給,L2高得点寄せ,Earth先行補給,L2高得点寄せ,175,510,-335,blue,35,140,0,50,210,250,,137.8,,178,blue,1,2,5,2,7,3
211,1/2,Earth先行補給,L2高得点寄せ,Earth先行補給,共有エリア先取り,175,440,-265,blue,35,140,0,50,140,250,,135.2,,178.4,blue,1,2,5,2,7,3
212,1/2,Earth先行補給,L2高得点寄せ,Earth先行補給,スカイ反転圧力,175,440,-265,blue,35,140,0,50,140,250,,131.8,,175.8,blue,1,2,5,2,7,3
213,1/2,Earth先行補給,L2高得点寄せ,Sky先置き準備,L1最速サンクチュアリ,175,430,-255,blue,35,140,0,40,140,250,,133.2,,177.2,blue,1,2,5,2,5,3
214,1/2,Earth先行補給,L2高得点寄せ,Sky先置き準備,L2高得点寄せ,175,250,-75,blue,35,140,0,40,210,0,,143,,,,1,2,5,2,5,3
215,1/2,Earth先行補給,L2高得点寄せ,Sky先置き準備,共有エリア先取り,175,430,-255,blue,35,140,0,40,140,250,,135.6,,178.8,blue,1,2,5,2,5,3
216,1/2,Earth先行補給,L2高得点寄せ,Sky先置き準備,スカイ反転圧力,175,430,-255,blue,35,140,0,40,140,250,,133.2,,177.2,blue,1,2,5,2,5,3
217,1/2,Earth先行補給,共有エリア先取り,BR要求に追従,L1最速サンクチュアリ,105,180,-75,blue,35,70,0,40,140,0,,141.4,,,,1,2,5,2,5,3
218,1/2,Earth先行補給,共有エリア先取り,BR要求に追従,L2高得点寄せ,105,250,-145,blue,35,70,0,40,210,0,,150.2,,,,1,2,5,2,5,3
219,1/2,Earth先行補給,共有エリア先取り,BR要求に追従,共有エリア先取り,140,315,-175,blue,30,110,0,35,30,250,171.4,118.8,,162,blue,2,0,5,1,4,3
220,1/2,Earth先行補給,共有エリア先取り,BR要求に追従,スカイ反転圧力,105,180,-75,blue,35,70,0,40,140,0,,141.4,,,,1,2,5,2,5,3
221,1/2,Earth先行補給,共有エリア先取り,Earth先行補給,L1最速サンクチュアリ,105,440,-335,blue,35,70,0,50,140,250,,131.8,,175.8,blue,1,2,5,2,7,3
222,1/2,Earth先行補給,共有エリア先取り,Earth先行補給,L2高得点寄せ,105,510,-405,blue,35,70,0,50,210,250,,137.8,,178,blue,1,2,5,2,7,3
223,1/2,Earth先行補給,共有エリア先取り,Earth先行補給,共有エリア先取り,140,325,-185,blue,30,110,0,45,30,250,168.8,116.2,,159.4,blue,2,0,5,1,6,3
224,1/2,Earth先行補給,共有エリア先取り,Earth先行補給,スカイ反転圧力,105,440,-335,blue,35,70,0,50,140,250,,131.8,,175.8,blue,1,2,5,2,7,3
225,1/2,Earth先行補給,共有エリア先取り,Sky先置き準備,L1最速サンクチュアリ,105,430,-325,blue,35,70,0,40,140,250,,133.2,,177.2,blue,1,2,5,2,5,3
226,1/2,Earth先行補給,共有エリア先取り,Sky先置き準備,L2高得点寄せ,105,250,-145,blue,35,70,0,40,210,0,,143,,,,1,2,5,2,5,3
227,1/2,Earth先行補給,共有エリア先取り,Sky先置き準備,共有エリア先取り,140,340,-200,blue,30,110,0,40,50,250,163.2,110.6,,153.8,blue,2,0,5,1,5,3
228,1/2,Earth先行補給,共有エリア先取り,Sky先置き準備,スカイ反転圧力,105,430,-325,blue,35,70,0,40,140,250,,133.2,,177.2,blue,1,2,5,2,5,3
229,1/2,Earth先行補給,スカイ反転圧力,BR要求に追従,L1最速サンクチュアリ,105,180,-75,blue,35,70,0,40,140,0,,141.4,,,,1,2,5,2,5,3
230,1/2,Earth先行補給,スカイ反転圧力,BR要求に追従,L2高得点寄せ,105,250,-145,blue,35,70,0,40,210,0,,150.2,,,,1,2,5,2,5,3
231,1/2,Earth先行補給,スカイ反転圧力,BR要求に追従,共有エリア先取り,140,315,-175,blue,30,110,0,35,30,250,171.4,118.8,,162,blue,2,0,5,1,4,3
232,1/2,Earth先行補給,スカイ反転圧力,BR要求に追従,スカイ反転圧力,105,180,-75,blue,35,70,0,40,140,0,,141.4,,,,1,2,5,2,5,3
233,1/2,Earth先行補給,スカイ反転圧力,Earth先行補給,L1最速サンクチュアリ,105,440,-335,blue,35,70,0,50,140,250,,131.8,,175.8,blue,1,2,5,2,7,3
234,1/2,Earth先行補給,スカイ反転圧力,Earth先行補給,L2高得点寄せ,105,510,-405,blue,35,70,0,50,210,250,,137.8,,178,blue,1,2,5,2,7,3
235,1/2,Earth先行補給,スカイ反転圧力,Earth先行補給,共有エリア先取り,140,325,-185,blue,30,110,0,45,30,250,168.8,116.2,,159.4,blue,2,0,5,1,6,3
236,1/2,Earth先行補給,スカイ反転圧力,Earth先行補給,スカイ反転圧力,105,440,-335,blue,35,70,0,50,140,250,,131.8,,175.8,blue,1,2,5,2,7,3
237,1/2,Earth先行補給,スカイ反転圧力,Sky先置き準備,L1最速サンクチュアリ,105,430,-325,blue,35,70,0,40,140,250,,133.2,,177.2,blue,1,2,5,2,5,3
238,1/2,Earth先行補給,スカイ反転圧力,Sky先置き準備,L2高得点寄せ,105,250,-145,blue,35,70,0,40,210,0,,143,,,,1,2,5,2,5,3
239,1/2,Earth先行補給,スカイ反転圧力,Sky先置き準備,共有エリア先取り,140,340,-200,blue,30,110,0,40,50,250,163.2,110.6,,153.8,blue,2,0,5,1,5,3
240,1/2,Earth先行補給,スカイ反転圧力,Sky先置き準備,スカイ反転圧力,105,430,-325,blue,35,70,0,40,140,250,,133.2,,177.2,blue,1,2,5,2,5,3
241,1/2,Sky先置き準備,L1最速サンクチュアリ,BR要求に追従,L1最速サンクチュアリ,95,180,-85,blue,25,70,0,40,140,0,,141.4,,,,1,2,3,2,5,3
242,1/2,Sky先置き準備,L1最速サンクチュアリ,BR要求に追従,L2高得点寄せ,95,250,-155,blue,25,70,0,40,210,0,,150.2,,,,1,2,3,2,5,3
243,1/2,Sky先置き準備,L1最速サンクチュアリ,BR要求に追従,共有エリア先取り,70,375,-305,blue,20,50,0,35,90,250,,118.8,,162,blue,1,1,3,1,4,3
244,1/2,Sky先置き準備,L1最速サンクチュアリ,BR要求に追従,スカイ反転圧力,95,180,-85,blue,25,70,0,40,140,0,,141.4,,,,1,2,3,2,5,3
245,1/2,Sky先置き準備,L1最速サンクチュアリ,Earth先行補給,L1最速サンクチュアリ,95,440,-345,blue,25,70,0,50,140,250,,131.8,,175.8,blue,1,2,3,2,7,3
246,1/2,Sky先置き準備,L1最速サンクチュアリ,Earth先行補給,L2高得点寄せ,95,510,-415,blue,25,70,0,50,210,250,,137.8,,178,blue,1,2,3,2,7,3
247,1/2,Sky先置き準備,L1最速サンクチュアリ,Earth先行補給,共有エリア先取り,70,385,-315,blue,20,50,0,45,90,250,,116.2,,159.4,blue,1,1,3,1,6,3
248,1/2,Sky先置き準備,L1最速サンクチュアリ,Earth先行補給,スカイ反転圧力,95,440,-345,blue,25,70,0,50,140,250,,131.8,,175.8,blue,1,2,3,2,7,3
249,1/2,Sky先置き準備,L1最速サンクチュアリ,Sky先置き準備,L1最速サンクチュアリ,95,430,-335,blue,25,70,0,40,140,250,,133.2,,177.2,blue,1,2,3,2,5,3
250,1/2,Sky先置き準備,L1最速サンクチュアリ,Sky先置き準備,L2高得点寄せ,95,250,-155,blue,25,70,0,40,210,0,,143,,,,1,2,3,2,5,3
251,1/2,Sky先置き準備,L1最速サンクチュアリ,Sky先置き準備,共有エリア先取り,70,400,-330,blue,20,50,0,40,110,250,,110.6,,153.8,blue,1,1,3,1,5,3
252,1/2,Sky先置き準備,L1最速サンクチュアリ,Sky先置き準備,スカイ反転圧力,95,430,-335,blue,25,70,0,40,140,250,,133.2,,177.2,blue,1,2,3,2,5,3
253,1/2,Sky先置き準備,L2高得点寄せ,BR要求に追従,L1最速サンクチュアリ,165,180,-15,blue,25,140,0,40,140,0,,141.4,,,,1,2,3,2,5,3
254,1/2,Sky先置き準備,L2高得点寄せ,BR要求に追従,L2高得点寄せ,165,250,-85,blue,25,140,0,40,210,0,,150.2,,,,1,2,3,2,5,3
255,1/2,Sky先置き準備,L2高得点寄せ,BR要求に追従,共有エリア先取り,165,180,-15,blue,25,140,0,40,140,0,,143.8,,,,1,2,3,2,5,3
256,1/2,Sky先置き準備,L2高得点寄せ,BR要求に追従,スカイ反転圧力,165,180,-15,blue,25,140,0,40,140,0,,141.4,,,,1,2,3,2,5,3
257,1/2,Sky先置き準備,L2高得点寄せ,Earth先行補給,L1最速サンクチュアリ,165,440,-275,blue,25,140,0,50,140,250,,131.8,,175.8,blue,1,2,3,2,7,3
258,1/2,Sky先置き準備,L2高得点寄せ,Earth先行補給,L2高得点寄せ,165,510,-345,blue,25,140,0,50,210,250,,137.8,,178,blue,1,2,3,2,7,3
259,1/2,Sky先置き準備,L2高得点寄せ,Earth先行補給,共有エリア先取り,165,440,-275,blue,25,140,0,50,140,250,,135.2,,178.4,blue,1,2,3,2,7,3
260,1/2,Sky先置き準備,L2高得点寄せ,Earth先行補給,スカイ反転圧力,165,440,-275,blue,25,140,0,50,140,250,,131.8,,175.8,blue,1,2,3,2,7,3
261,1/2,Sky先置き準備,L2高得点寄せ,Sky先置き準備,L1最速サンクチュアリ,165,430,-265,blue,25,140,0,40,140,250,,133.2,,177.2,blue,1,2,3,2,5,3
262,1/2,Sky先置き準備,L2高得点寄せ,Sky先置き準備,L2高得点寄せ,165,250,-85,blue,25,140,0,40,210,0,,143,,,,1,2,3,2,5,3
263,1/2,Sky先置き準備,L2高得点寄せ,Sky先置き準備,共有エリア先取り,165,430,-265,blue,25,140,0,40,140,250,,135.6,,178.8,blue,1,2,3,2,5,3
264,1/2,Sky先置き準備,L2高得点寄せ,Sky先置き準備,スカイ反転圧力,165,430,-265,blue,25,140,0,40,140,250,,133.2,,177.2,blue,1,2,3,2,5,3
265,1/2,Sky先置き準備,共有エリア先取り,BR要求に追従,L1最速サンクチュアリ,135,140,-5,blue,25,110,0,40,100,0,179.6,141.4,,,,2,1,3,2,5,3
266,1/2,Sky先置き準備,共有エリア先取り,BR要求に追従,L2高得点寄せ,135,210,-75,blue,25,110,0,40,170,0,179.6,150.2,,,,2,1,3,2,5,3
267,1/2,Sky先置き準備,共有エリア先取り,BR要求に追従,共有エリア先取り,110,335,-225,blue,20,90,0,35,50,250,173.8,118.8,,162,blue,2,0,3,1,4,3
268,1/2,Sky先置き準備,共有エリア先取り,BR要求に追従,スカイ反転圧力,135,140,-5,blue,25,110,0,40,100,0,179.6,141.4,,,,2,1,3,2,5,3
269,1/2,Sky先置き準備,共有エリア先取り,Earth先行補給,L1最速サンクチュアリ,135,400,-265,blue,25,110,0,50,100,250,179.6,131.8,,175.8,blue,2,1,3,2,7,3
270,1/2,Sky先置き準備,共有エリア先取り,Earth先行補給,L2高得点寄せ,135,470,-335,blue,25,110,0,50,170,250,179.6,137.8,,178,blue,2,1,3,2,7,3
271,1/2,Sky先置き準備,共有エリア先取り,Earth先行補給,共有エリア先取り,110,345,-235,blue,20,90,0,45,50,250,173.8,116.2,,159.4,blue,2,0,3,1,6,3
272,1/2,Sky先置き準備,共有エリア先取り,Earth先行補給,スカイ反転圧力,135,400,-265,blue,25,110,0,50,100,250,179.6,131.8,,175.8,blue,2,1,3,2,7,3
273,1/2,Sky先置き準備,共有エリア先取り,Sky先置き準備,L1最速サンクチュアリ,135,390,-255,blue,25,110,0,40,100,250,179.6,133.2,,177.2,blue,2,1,3,2,5,3
274,1/2,Sky先置き準備,共有エリア先取り,Sky先置き準備,L2高得点寄せ,135,210,-75,blue,25,110,0,40,170,0,179.6,143,,,,2,1,3,2,5,3
275,1/2,Sky先置き準備,共有エリア先取り,Sky先置き準備,共有エリア先取り,110,360,-250,blue,20,90,0,40,70,250,173.8,110.6,,153.8,blue,2,0,3,1,5,3
276,1/2,Sky先置き準備,共有エリア先取り,Sky先置き準備,スカイ反転圧力,135,390,-255,blue,25,110,0,40,100,250,179.6,133.2,,177.2,blue,2,1,3,2,5,3
277,1/2,Sky先置き準備,スカイ反転圧力,BR要求に追従,L1最速サンクチュアリ,135,140,-5,blue,25,110,0,40,100,0,179.6,141.4,,,,2,1,3,2,5,3
278,1/2,Sky先置き準備,スカイ反転圧力,BR要求に追従,L2高得点寄せ,135,210,-75,blue,25,110,0,40,170,0,179.6,150.2,,,,2,1,3,2,5,3
279,1/2,Sky先置き準備,スカイ反転圧力,BR要求に追従,共有エリア先取り,110,335,-225,blue,20,90,0,35,50,250,173.8,118.8,,162,blue,2,0,3,1,4,3
280,1/2,Sky先置き準備,スカイ反転圧力,BR要求に追従,スカイ反転圧力,135,140,-5,blue,25,110,0,40,100,0,179.6,141.4,,,,2,1,3,2,5,3
281,1/2,Sky先置き準備,スカイ反転圧力,Earth先行補給,L1最速サンクチュアリ,135,400,-265,blue,25,110,0,50,100,250,179.6,131.8,,175.8,blue,2,1,3,2,7,3
282,1/2,Sky先置き準備,スカイ反転圧力,Earth先行補給,L2高得点寄せ,135,470,-335,blue,25,110,0,50,170,250,179.6,137.8,,178,blue,2,1,3,2,7,3
283,1/2,Sky先置き準備,スカイ反転圧力,Earth先行補給,共有エリア先取り,110,345,-235,blue,20,90,0,45,50,250,173.8,116.2,,159.4,blue,2,0,3,1,6,3
284,1/2,Sky先置き準備,スカイ反転圧力,Earth先行補給,スカイ反転圧力,135,400,-265,blue,25,110,0,50,100,250,179.6,131.8,,175.8,blue,2,1,3,2,7,3
285,1/2,Sky先置き準備,スカイ反転圧力,Sky先置き準備,L1最速サンクチュアリ,135,390,-255,blue,25,110,0,40,100,250,179.6,133.2,,177.2,blue,2,1,3,2,5,3
286,1/2,Sky先置き準備,スカイ反転圧力,Sky先置き準備,L2高得点寄せ,135,210,-75,blue,25,110,0,40,170,0,179.6,143,,,,2,1,3,2,5,3
287,1/2,Sky先置き準備,スカイ反転圧力,Sky先置き準備,共有エリア先取り,110,360,-250,blue,20,90,0,40,70,250,173.8,110.6,,153.8,blue,2,0,3,1,5,3
288,1/2,Sky先置き準備,スカイ反転圧力,Sky先置き準備,スカイ反転圧力,135,390,-255,blue,25,110,0,40,100,250,179.6,133.2,,177.2,blue,2,1,3,2,5,3
289,1/4,BR要求に追従,L1最速サンクチュアリ,BR要求に追従,L1最速サンクチュアリ,20,180,-160,blue,10,10,0,40,140,0,,141.4,,,,0,2,2,0,5,3
290,1/4,BR要求に追従,L1最速サンクチュアリ,BR要求に追従,L2高得点寄せ,20,250,-230,blue,10,10,0,40,210,0,,150.2,,,,0,2,2,0,5,3
291,1/4,BR要求に追従,L1最速サンクチュアリ,BR要求に追従,共有エリア先取り,15,180,-165,blue,15,0,0,40,140,0,,143.8,,,,0,2,2,1,5,3
292,1/4,BR要求に追従,L1最速サンクチュアリ,BR要求に追従,スカイ反転圧力,20,180,-160,blue,10,10,0,40,140,0,,141.4,,,,0,2,2,0,5,3
293,1/4,BR要求に追従,L1最速サンクチュアリ,Earth先行補給,L1最速サンクチュアリ,20,440,-420,blue,10,10,0,50,140,250,,131.8,,175.8,blue,0,2,2,0,7,3
294,1/4,BR要求に追従,L1最速サンクチュアリ,Earth先行補給,L2高得点寄せ,20,510,-490,blue,10,10,0,50,210,250,,137.8,,178,blue,0,2,2,0,7,3
295,1/4,BR要求に追従,L1最速サンクチュアリ,Earth先行補給,共有エリア先取り,15,440,-425,blue,15,0,0,50,140,250,,135.2,,178.4,blue,0,2,2,1,7,3
296,1/4,BR要求に追従,L1最速サンクチュアリ,Earth先行補給,スカイ反転圧力,20,440,-420,blue,10,10,0,50,140,250,,131.8,,175.8,blue,0,2,2,0,7,3
297,1/4,BR要求に追従,L1最速サンクチュアリ,Sky先置き準備,L1最速サンクチュアリ,20,430,-410,blue,10,10,0,40,140,250,,133.2,,177.2,blue,0,2,2,0,5,3
298,1/4,BR要求に追従,L1最速サンクチュアリ,Sky先置き準備,L2高得点寄せ,20,250,-230,blue,10,10,0,40,210,0,,143,,,,0,2,2,0,5,3
299,1/4,BR要求に追従,L1最速サンクチュアリ,Sky先置き準備,共有エリア先取り,15,430,-415,blue,15,0,0,40,140,250,,135.6,,178.8,blue,0,2,2,1,5,3
300,1/4,BR要求に追従,L1最速サンクチュアリ,Sky先置き準備,スカイ反転圧力,20,430,-410,blue,10,10,0,40,140,250,,133.2,,177.2,blue,0,2,2,0,5,3
301,1/4,BR要求に追従,L2高得点寄せ,BR要求に追従,L1最速サンクチュアリ,30,180,-150,blue,10,20,0,40,140,0,,141.4,,,,0,2,2,0,5,3
302,1/4,BR要求に追従,L2高得点寄せ,BR要求に追従,L2高得点寄せ,30,250,-220,blue,10,20,0,40,210,0,,150.2,,,,0,2,2,0,5,3
303,1/4,BR要求に追従,L2高得点寄せ,BR要求に追従,共有エリア先取り,30,180,-150,blue,10,20,0,40,140,0,,143.8,,,,0,2,2,0,5,3
304,1/4,BR要求に追従,L2高得点寄せ,BR要求に追従,スカイ反転圧力,30,180,-150,blue,10,20,0,40,140,0,,141.4,,,,0,2,2,0,5,3
305,1/4,BR要求に追従,L2高得点寄せ,Earth先行補給,L1最速サンクチュアリ,30,440,-410,blue,10,20,0,50,140,250,,131.8,,175.8,blue,0,2,2,0,7,3
306,1/4,BR要求に追従,L2高得点寄せ,Earth先行補給,L2高得点寄せ,30,510,-480,blue,10,20,0,50,210,250,,137.8,,178,blue,0,2,2,0,7,3
307,1/4,BR要求に追従,L2高得点寄せ,Earth先行補給,共有エリア先取り,30,440,-410,blue,10,20,0,50,140,250,,135.2,,178.4,blue,0,2,2,0,7,3
308,1/4,BR要求に追従,L2高得点寄せ,Earth先行補給,スカイ反転圧力,30,440,-410,blue,10,20,0,50,140,250,,131.8,,175.8,blue,0,2,2,0,7,3
309,1/4,BR要求に追従,L2高得点寄せ,Sky先置き準備,L1最速サンクチュアリ,30,430,-400,blue,10,20,0,40,140,250,,133.2,,177.2,blue,0,2,2,0,5,3
310,1/4,BR要求に追従,L2高得点寄せ,Sky先置き準備,L2高得点寄せ,30,250,-220,blue,10,20,0,40,210,0,,143,,,,0,2,2,0,5,3
311,1/4,BR要求に追従,L2高得点寄せ,Sky先置き準備,共有エリア先取り,30,430,-400,blue,10,20,0,40,140,250,,135.6,,178.8,blue,0,2,2,0,5,3
312,1/4,BR要求に追従,L2高得点寄せ,Sky先置き準備,スカイ反転圧力,30,430,-400,blue,10,20,0,40,140,250,,133.2,,177.2,blue,0,2,2,0,5,3
313,1/4,BR要求に追従,共有エリア先取り,BR要求に追従,L1最速サンクチュアリ,20,180,-160,blue,10,10,0,40,140,0,,141.4,,,,0,2,2,0,5,3
314,1/4,BR要求に追従,共有エリア先取り,BR要求に追従,L2高得点寄せ,20,250,-230,blue,10,10,0,40,210,0,,150.2,,,,0,2,2,0,5,3
315,1/4,BR要求に追従,共有エリア先取り,BR要求に追従,共有エリア先取り,15,180,-165,blue,15,0,0,40,140,0,,143.8,,,,0,2,2,1,5,3
316,1/4,BR要求に追従,共有エリア先取り,BR要求に追従,スカイ反転圧力,20,180,-160,blue,10,10,0,40,140,0,,141.4,,,,0,2,2,0,5,3
317,1/4,BR要求に追従,共有エリア先取り,Earth先行補給,L1最速サンクチュアリ,20,440,-420,blue,10,10,0,50,140,250,,131.8,,175.8,blue,0,2,2,0,7,3
318,1/4,BR要求に追従,共有エリア先取り,Earth先行補給,L2高得点寄せ,20,510,-490,blue,10,10,0,50,210,250,,137.8,,178,blue,0,2,2,0,7,3
319,1/4,BR要求に追従,共有エリア先取り,Earth先行補給,共有エリア先取り,15,440,-425,blue,15,0,0,50,140,250,,135.2,,178.4,blue,0,2,2,1,7,3
320,1/4,BR要求に追従,共有エリア先取り,Earth先行補給,スカイ反転圧力,20,440,-420,blue,10,10,0,50,140,250,,131.8,,175.8,blue,0,2,2,0,7,3
321,1/4,BR要求に追従,共有エリア先取り,Sky先置き準備,L1最速サンクチュアリ,20,430,-410,blue,10,10,0,40,140,250,,133.2,,177.2,blue,0,2,2,0,5,3
322,1/4,BR要求に追従,共有エリア先取り,Sky先置き準備,L2高得点寄せ,20,250,-230,blue,10,10,0,40,210,0,,143,,,,0,2,2,0,5,3
323,1/4,BR要求に追従,共有エリア先取り,Sky先置き準備,共有エリア先取り,15,430,-415,blue,15,0,0,40,140,250,,135.6,,178.8,blue,0,2,2,1,5,3
324,1/4,BR要求に追従,共有エリア先取り,Sky先置き準備,スカイ反転圧力,20,430,-410,blue,10,10,0,40,140,250,,133.2,,177.2,blue,0,2,2,0,5,3
325,1/4,BR要求に追従,スカイ反転圧力,BR要求に追従,L1最速サンクチュアリ,20,180,-160,blue,10,10,0,40,140,0,,141.4,,,,0,2,2,0,5,3
326,1/4,BR要求に追従,スカイ反転圧力,BR要求に追従,L2高得点寄せ,20,250,-230,blue,10,10,0,40,210,0,,150.2,,,,0,2,2,0,5,3
327,1/4,BR要求に追従,スカイ反転圧力,BR要求に追従,共有エリア先取り,15,180,-165,blue,15,0,0,40,140,0,,143.8,,,,0,2,2,1,5,3
328,1/4,BR要求に追従,スカイ反転圧力,BR要求に追従,スカイ反転圧力,20,180,-160,blue,10,10,0,40,140,0,,141.4,,,,0,2,2,0,5,3
329,1/4,BR要求に追従,スカイ反転圧力,Earth先行補給,L1最速サンクチュアリ,20,440,-420,blue,10,10,0,50,140,250,,131.8,,175.8,blue,0,2,2,0,7,3
330,1/4,BR要求に追従,スカイ反転圧力,Earth先行補給,L2高得点寄せ,20,510,-490,blue,10,10,0,50,210,250,,137.8,,178,blue,0,2,2,0,7,3
331,1/4,BR要求に追従,スカイ反転圧力,Earth先行補給,共有エリア先取り,15,440,-425,blue,15,0,0,50,140,250,,135.2,,178.4,blue,0,2,2,1,7,3
332,1/4,BR要求に追従,スカイ反転圧力,Earth先行補給,スカイ反転圧力,20,440,-420,blue,10,10,0,50,140,250,,131.8,,175.8,blue,0,2,2,0,7,3
333,1/4,BR要求に追従,スカイ反転圧力,Sky先置き準備,L1最速サンクチュアリ,20,430,-410,blue,10,10,0,40,140,250,,133.2,,177.2,blue,0,2,2,0,5,3
334,1/4,BR要求に追従,スカイ反転圧力,Sky先置き準備,L2高得点寄せ,20,250,-230,blue,10,10,0,40,210,0,,143,,,,0,2,2,0,5,3
335,1/4,BR要求に追従,スカイ反転圧力,Sky先置き準備,共有エリア先取り,15,430,-415,blue,15,0,0,40,140,250,,135.6,,178.8,blue,0,2,2,1,5,3
336,1/4,BR要求に追従,スカイ反転圧力,Sky先置き準備,スカイ反転圧力,20,430,-410,blue,10,10,0,40,140,250,,133.2,,177.2,blue,0,2,2,0,5,3
337,1/4,Earth先行補給,L1最速サンクチュアリ,BR要求に追従,L1最速サンクチュアリ,45,180,-135,blue,15,30,0,40,140,0,,141.4,,,,0,2,3,0,5,3
338,1/4,Earth先行補給,L1最速サンクチュアリ,BR要求に追従,L2高得点寄せ,45,250,-205,blue,15,30,0,40,210,0,,150.2,,,,0,2,3,0,5,3
339,1/4,Earth先行補給,L1最速サンクチュアリ,BR要求に追従,共有エリア先取り,15,180,-165,blue,15,0,0,40,140,0,,143.8,,,,0,2,3,0,5,3
340,1/4,Earth先行補給,L1最速サンクチュアリ,BR要求に追従,スカイ反転圧力,45,180,-135,blue,15,30,0,40,140,0,,141.4,,,,0,2,3,0,5,3
341,1/4,Earth先行補給,L1最速サンクチュアリ,Earth先行補給,L1最速サンクチュアリ,45,440,-395,blue,15,30,0,50,140,250,,131.8,,175.8,blue,0,2,3,0,7,3
342,1/4,Earth先行補給,L1最速サンクチュアリ,Earth先行補給,L2高得点寄せ,45,510,-465,blue,15,30,0,50,210,250,,137.8,,178,blue,0,2,3,0,7,3
343,1/4,Earth先行補給,L1最速サンクチュアリ,Earth先行補給,共有エリア先取り,15,440,-425,blue,15,0,0,50,140,250,,135.2,,178.4,blue,0,2,3,0,7,3
344,1/4,Earth先行補給,L1最速サンクチュアリ,Earth先行補給,スカイ反転圧力,45,440,-395,blue,15,30,0,50,140,250,,131.8,,175.8,blue,0,2,3,0,7,3
345,1/4,Earth先行補給,L1最速サンクチュアリ,Sky先置き準備,L1最速サンクチュアリ,45,430,-385,blue,15,30,0,40,140,250,,133.2,,177.2,blue,0,2,3,0,5,3
346,1/4,Earth先行補給,L1最速サンクチュアリ,Sky先置き準備,L2高得点寄せ,45,250,-205,blue,15,30,0,40,210,0,,143,,,,0,2,3,0,5,3
347,1/4,Earth先行補給,L1最速サンクチュアリ,Sky先置き準備,共有エリア先取り,15,430,-415,blue,15,0,0,40,140,250,,135.6,,178.8,blue,0,2,3,0,5,3
348,1/4,Earth先行補給,L1最速サンクチュアリ,Sky先置き準備,スカイ反転圧力,45,430,-385,blue,15,30,0,40,140,250,,133.2,,177.2,blue,0,2,3,0,5,3
349,1/4,Earth先行補給,L2高得点寄せ,BR要求に追従,L1最速サンクチュアリ,35,180,-145,blue,15,20,0,40,140,0,,141.4,,,,0,2,3,0,5,3
350,1/4,Earth先行補給,L2高得点寄せ,BR要求に追従,L2高得点寄せ,35,250,-215,blue,15,20,0,40,210,0,,150.2,,,,0,2,3,0,5,3
351,1/4,Earth先行補給,L2高得点寄せ,BR要求に追従,共有エリア先取り,35,180,-145,blue,15,20,0,40,140,0,,143.8,,,,0,2,3,0,5,3
352,1/4,Earth先行補給,L2高得点寄せ,BR要求に追従,スカイ反転圧力,35,180,-145,blue,15,20,0,40,140,0,,141.4,,,,0,2,3,0,5,3
353,1/4,Earth先行補給,L2高得点寄せ,Earth先行補給,L1最速サンクチュアリ,35,440,-405,blue,15,20,0,50,140,250,,131.8,,175.8,blue,0,2,3,0,7,3
354,1/4,Earth先行補給,L2高得点寄せ,Earth先行補給,L2高得点寄せ,35,510,-475,blue,15,20,0,50,210,250,,137.8,,178,blue,0,2,3,0,7,3
355,1/4,Earth先行補給,L2高得点寄せ,Earth先行補給,共有エリア先取り,35,440,-405,blue,15,20,0,50,140,250,,135.2,,178.4,blue,0,2,3,0,7,3
356,1/4,Earth先行補給,L2高得点寄せ,Earth先行補給,スカイ反転圧力,35,440,-405,blue,15,20,0,50,140,250,,131.8,,175.8,blue,0,2,3,0,7,3
357,1/4,Earth先行補給,L2高得点寄せ,Sky先置き準備,L1最速サンクチュアリ,35,430,-395,blue,15,20,0,40,140,250,,133.2,,177.2,blue,0,2,3,0,5,3
358,1/4,Earth先行補給,L2高得点寄せ,Sky先置き準備,L2高得点寄せ,35,250,-215,blue,15,20,0,40,210,0,,143,,,,0,2,3,0,5,3
359,1/4,Earth先行補給,L2高得点寄せ,Sky先置き準備,共有エリア先取り,35,430,-395,blue,15,20,0,40,140,250,,135.6,,178.8,blue,0,2,3,0,5,3
360,1/4,Earth先行補給,L2高得点寄せ,Sky先置き準備,スカイ反転圧力,35,430,-395,blue,15,20,0,40,140,250,,133.2,,177.2,blue,0,2,3,0,5,3
361,1/4,Earth先行補給,共有エリア先取り,BR要求に追従,L1最速サンクチュアリ,45,180,-135,blue,15,30,0,40,140,0,,141.4,,,,0,2,3,0,5,3
362,1/4,Earth先行補給,共有エリア先取り,BR要求に追従,L2高得点寄せ,45,250,-205,blue,15,30,0,40,210,0,,150.2,,,,0,2,3,0,5,3
363,1/4,Earth先行補給,共有エリア先取り,BR要求に追従,共有エリア先取り,15,180,-165,blue,15,0,0,40,140,0,,143.8,,,,0,2,3,0,5,3
364,1/4,Earth先行補給,共有エリア先取り,BR要求に追従,スカイ反転圧力,45,180,-135,blue,15,30,0,40,140,0,,141.4,,,,0,2,3,0,5,3
365,1/4,Earth先行補給,共有エリア先取り,Earth先行補給,L1最速サンクチュアリ,45,440,-395,blue,15,30,0,50,140,250,,131.8,,175.8,blue,0,2,3,0,7,3
366,1/4,Earth先行補給,共有エリア先取り,Earth先行補給,L2高得点寄せ,45,510,-465,blue,15,30,0,50,210,250,,137.8,,178,blue,0,2,3,0,7,3
367,1/4,Earth先行補給,共有エリア先取り,Earth先行補給,共有エリア先取り,15,440,-425,blue,15,0,0,50,140,250,,135.2,,178.4,blue,0,2,3,0,7,3
368,1/4,Earth先行補給,共有エリア先取り,Earth先行補給,スカイ反転圧力,45,440,-395,blue,15,30,0,50,140,250,,131.8,,175.8,blue,0,2,3,0,7,3
369,1/4,Earth先行補給,共有エリア先取り,Sky先置き準備,L1最速サンクチュアリ,45,430,-385,blue,15,30,0,40,140,250,,133.2,,177.2,blue,0,2,3,0,5,3
370,1/4,Earth先行補給,共有エリア先取り,Sky先置き準備,L2高得点寄せ,45,250,-205,blue,15,30,0,40,210,0,,143,,,,0,2,3,0,5,3
371,1/4,Earth先行補給,共有エリア先取り,Sky先置き準備,共有エリア先取り,15,430,-415,blue,15,0,0,40,140,250,,135.6,,178.8,blue,0,2,3,0,5,3
372,1/4,Earth先行補給,共有エリア先取り,Sky先置き準備,スカイ反転圧力,45,430,-385,blue,15,30,0,40,140,250,,133.2,,177.2,blue,0,2,3,0,5,3
373,1/4,Earth先行補給,スカイ反転圧力,BR要求に追従,L1最速サンクチュアリ,45,180,-135,blue,15,30,0,40,140,0,,141.4,,,,0,2,3,0,5,3
374,1/4,Earth先行補給,スカイ反転圧力,BR要求に追従,L2高得点寄せ,45,250,-205,blue,15,30,0,40,210,0,,150.2,,,,0,2,3,0,5,3
375,1/4,Earth先行補給,スカイ反転圧力,BR要求に追従,共有エリア先取り,15,180,-165,blue,15,0,0,40,140,0,,143.8,,,,0,2,3,0,5,3
376,1/4,Earth先行補給,スカイ反転圧力,BR要求に追従,スカイ反転圧力,45,180,-135,blue,15,30,0,40,140,0,,141.4,,,,0,2,3,0,5,3
377,1/4,Earth先行補給,スカイ反転圧力,Earth先行補給,L1最速サンクチュアリ,45,440,-395,blue,15,30,0,50,140,250,,131.8,,175.8,blue,0,2,3,0,7,3
378,1/4,Earth先行補給,スカイ反転圧力,Earth先行補給,L2高得点寄せ,45,510,-465,blue,15,30,0,50,210,250,,137.8,,178,blue,0,2,3,0,7,3
379,1/4,Earth先行補給,スカイ反転圧力,Earth先行補給,共有エリア先取り,15,440,-425,blue,15,0,0,50,140,250,,135.2,,178.4,blue,0,2,3,0,7,3
380,1/4,Earth先行補給,スカイ反転圧力,Earth先行補給,スカイ反転圧力,45,440,-395,blue,15,30,0,50,140,250,,131.8,,175.8,blue,0,2,3,0,7,3
381,1/4,Earth先行補給,スカイ反転圧力,Sky先置き準備,L1最速サンクチュアリ,45,430,-385,blue,15,30,0,40,140,250,,133.2,,177.2,blue,0,2,3,0,5,3
382,1/4,Earth先行補給,スカイ反転圧力,Sky先置き準備,L2高得点寄せ,45,250,-205,blue,15,30,0,40,210,0,,143,,,,0,2,3,0,5,3
383,1/4,Earth先行補給,スカイ反転圧力,Sky先置き準備,共有エリア先取り,15,430,-415,blue,15,0,0,40,140,250,,135.6,,178.8,blue,0,2,3,0,5,3
384,1/4,Earth先行補給,スカイ反転圧力,Sky先置き準備,スカイ反転圧力,45,430,-385,blue,15,30,0,40,140,250,,133.2,,177.2,blue,0,2,3,0,5,3
385,1/4,Sky先置き準備,L1最速サンクチュアリ,BR要求に追従,L1最速サンクチュアリ,25,180,-155,blue,15,10,0,40,140,0,,141.4,,,,0,2,2,1,5,3
386,1/4,Sky先置き準備,L1最速サンクチュアリ,BR要求に追従,L2高得点寄せ,25,250,-225,blue,15,10,0,40,210,0,,150.2,,,,0,2,2,1,5,3
387,1/4,Sky先置き準備,L1最速サンクチュアリ,BR要求に追従,共有エリア先取り,15,180,-165,blue,15,0,0,40,140,0,,143.8,,,,0,2,2,1,5,3
388,1/4,Sky先置き準備,L1最速サンクチュアリ,BR要求に追従,スカイ反転圧力,25,180,-155,blue,15,10,0,40,140,0,,141.4,,,,0,2,2,1,5,3
389,1/4,Sky先置き準備,L1最速サンクチュアリ,Earth先行補給,L1最速サンクチュアリ,25,440,-415,blue,15,10,0,50,140,250,,131.8,,175.8,blue,0,2,2,1,7,3
390,1/4,Sky先置き準備,L1最速サンクチュアリ,Earth先行補給,L2高得点寄せ,25,510,-485,blue,15,10,0,50,210,250,,137.8,,178,blue,0,2,2,1,7,3
391,1/4,Sky先置き準備,L1最速サンクチュアリ,Earth先行補給,共有エリア先取り,15,440,-425,blue,15,0,0,50,140,250,,135.2,,178.4,blue,0,2,2,1,7,3
392,1/4,Sky先置き準備,L1最速サンクチュアリ,Earth先行補給,スカイ反転圧力,25,440,-415,blue,15,10,0,50,140,250,,131.8,,175.8,blue,0,2,2,1,7,3
393,1/4,Sky先置き準備,L1最速サンクチュアリ,Sky先置き準備,L1最速サンクチュアリ,25,430,-405,blue,15,10,0,40,140,250,,133.2,,177.2,blue,0,2,2,1,5,3
394,1/4,Sky先置き準備,L1最速サンクチュアリ,Sky先置き準備,L2高得点寄せ,25,250,-225,blue,15,10,0,40,210,0,,143,,,,0,2,2,1,5,3
395,1/4,Sky先置き準備,L1最速サンクチュアリ,Sky先置き準備,共有エリア先取り,15,430,-415,blue,15,0,0,40,140,250,,135.6,,178.8,blue,0,2,2,1,5,3
396,1/4,Sky先置き準備,L1最速サンクチュアリ,Sky先置き準備,スカイ反転圧力,25,430,-405,blue,15,10,0,40,140,250,,133.2,,177.2,blue,0,2,2,1,5,3
397,1/4,Sky先置き準備,L2高得点寄せ,BR要求に追従,L1最速サンクチュアリ,35,180,-145,blue,15,20,0,40,140,0,,141.4,,,,0,2,2,1,5,3
398,1/4,Sky先置き準備,L2高得点寄せ,BR要求に追従,L2高得点寄せ,35,250,-215,blue,15,20,0,40,210,0,,150.2,,,,0,2,2,1,5,3
399,1/4,Sky先置き準備,L2高得点寄せ,BR要求に追従,共有エリア先取り,35,180,-145,blue,15,20,0,40,140,0,,143.8,,,,0,2,2,1,5,3
400,1/4,Sky先置き準備,L2高得点寄せ,BR要求に追従,スカイ反転圧力,35,180,-145,blue,15,20,0,40,140,0,,141.4,,,,0,2,2,1,5,3
401,1/4,Sky先置き準備,L2高得点寄せ,Earth先行補給,L1最速サンクチュアリ,35,440,-405,blue,15,20,0,50,140,250,,131.8,,175.8,blue,0,2,2,1,7,3
402,1/4,Sky先置き準備,L2高得点寄せ,Earth先行補給,L2高得点寄せ,35,510,-475,blue,15,20,0,50,210,250,,137.8,,178,blue,0,2,2,1,7,3
403,1/4,Sky先置き準備,L2高得点寄せ,Earth先行補給,共有エリア先取り,35,440,-405,blue,15,20,0,50,140,250,,135.2,,178.4,blue,0,2,2,1,7,3
404,1/4,Sky先置き準備,L2高得点寄せ,Earth先行補給,スカイ反転圧力,35,440,-405,blue,15,20,0,50,140,250,,131.8,,175.8,blue,0,2,2,1,7,3
405,1/4,Sky先置き準備,L2高得点寄せ,Sky先置き準備,L1最速サンクチュアリ,35,430,-395,blue,15,20,0,40,140,250,,133.2,,177.2,blue,0,2,2,1,5,3
406,1/4,Sky先置き準備,L2高得点寄せ,Sky先置き準備,L2高得点寄せ,35,250,-215,blue,15,20,0,40,210,0,,143,,,,0,2,2,1,5,3
407,1/4,Sky先置き準備,L2高得点寄せ,Sky先置き準備,共有エリア先取り,35,430,-395,blue,15,20,0,40,140,250,,135.6,,178.8,blue,0,2,2,1,5,3
408,1/4,Sky先置き準備,L2高得点寄せ,Sky先置き準備,スカイ反転圧力,35,430,-395,blue,15,20,0,40,140,250,,133.2,,177.2,blue,0,2,2,1,5,3
409,1/4,Sky先置き準備,共有エリア先取り,BR要求に追従,L1最速サンクチュアリ,25,180,-155,blue,15,10,0,40,140,0,,141.4,,,,0,2,2,1,5,3
410,1/4,Sky先置き準備,共有エリア先取り,BR要求に追従,L2高得点寄せ,25,250,-225,blue,15,10,0,40,210,0,,150.2,,,,0,2,2,1,5,3
411,1/4,Sky先置き準備,共有エリア先取り,BR要求に追従,共有エリア先取り,15,180,-165,blue,15,0,0,40,140,0,,143.8,,,,0,2,2,1,5,3
412,1/4,Sky先置き準備,共有エリア先取り,BR要求に追従,スカイ反転圧力,25,180,-155,blue,15,10,0,40,140,0,,141.4,,,,0,2,2,1,5,3
413,1/4,Sky先置き準備,共有エリア先取り,Earth先行補給,L1最速サンクチュアリ,25,440,-415,blue,15,10,0,50,140,250,,131.8,,175.8,blue,0,2,2,1,7,3
414,1/4,Sky先置き準備,共有エリア先取り,Earth先行補給,L2高得点寄せ,25,510,-485,blue,15,10,0,50,210,250,,137.8,,178,blue,0,2,2,1,7,3
415,1/4,Sky先置き準備,共有エリア先取り,Earth先行補給,共有エリア先取り,15,440,-425,blue,15,0,0,50,140,250,,135.2,,178.4,blue,0,2,2,1,7,3
416,1/4,Sky先置き準備,共有エリア先取り,Earth先行補給,スカイ反転圧力,25,440,-415,blue,15,10,0,50,140,250,,131.8,,175.8,blue,0,2,2,1,7,3
417,1/4,Sky先置き準備,共有エリア先取り,Sky先置き準備,L1最速サンクチュアリ,25,430,-405,blue,15,10,0,40,140,250,,133.2,,177.2,blue,0,2,2,1,5,3
418,1/4,Sky先置き準備,共有エリア先取り,Sky先置き準備,L2高得点寄せ,25,250,-225,blue,15,10,0,40,210,0,,143,,,,0,2,2,1,5,3
419,1/4,Sky先置き準備,共有エリア先取り,Sky先置き準備,共有エリア先取り,15,430,-415,blue,15,0,0,40,140,250,,135.6,,178.8,blue,0,2,2,1,5,3
420,1/4,Sky先置き準備,共有エリア先取り,Sky先置き準備,スカイ反転圧力,25,430,-405,blue,15,10,0,40,140,250,,133.2,,177.2,blue,0,2,2,1,5,3
421,1/4,Sky先置き準備,スカイ反転圧力,BR要求に追従,L1最速サンクチュアリ,25,180,-155,blue,15,10,0,40,140,0,,141.4,,,,0,2,2,1,5,3
422,1/4,Sky先置き準備,スカイ反転圧力,BR要求に追従,L2高得点寄せ,25,250,-225,blue,15,10,0,40,210,0,,150.2,,,,0,2,2,1,5,3
423,1/4,Sky先置き準備,スカイ反転圧力,BR要求に追従,共有エリア先取り,15,180,-165,blue,15,0,0,40,140,0,,143.8,,,,0,2,2,1,5,3
424,1/4,Sky先置き準備,スカイ反転圧力,BR要求に追従,スカイ反転圧力,25,180,-155,blue,15,10,0,40,140,0,,141.4,,,,0,2,2,1,5,3
425,1/4,Sky先置き準備,スカイ反転圧力,Earth先行補給,L1最速サンクチュアリ,25,440,-415,blue,15,10,0,50,140,250,,131.8,,175.8,blue,0,2,2,1,7,3
426,1/4,Sky先置き準備,スカイ反転圧力,Earth先行補給,L2高得点寄せ,25,510,-485,blue,15,10,0,50,210,250,,137.8,,178,blue,0,2,2,1,7,3
427,1/4,Sky先置き準備,スカイ反転圧力,Earth先行補給,共有エリア先取り,15,440,-425,blue,15,0,0,50,140,250,,135.2,,178.4,blue,0,2,2,1,7,3
428,1/4,Sky先置き準備,スカイ反転圧力,Earth先行補給,スカイ反転圧力,25,440,-415,blue,15,10,0,50,140,250,,131.8,,175.8,blue,0,2,2,1,7,3
429,1/4,Sky先置き準備,スカイ反転圧力,Sky先置き準備,L1最速サンクチュアリ,25,430,-405,blue,15,10,0,40,140,250,,133.2,,177.2,blue,0,2,2,1,5,3
430,1/4,Sky先置き準備,スカイ反転圧力,Sky先置き準備,L2高得点寄せ,25,250,-225,blue,15,10,0,40,210,0,,143,,,,0,2,2,1,5,3
431,1/4,Sky先置き準備,スカイ反転圧力,Sky先置き準備,共有エリア先取り,15,430,-415,blue,15,0,0,40,140,250,,135.6,,178.8,blue,0,2,2,1,5,3
432,1/4,Sky先置き準備,スカイ反転圧力,Sky先置き準備,スカイ反転圧力,25,430,-405,blue,15,10,0,40,140,250,,133.2,,177.2,blue,0,2,2,1,5,3