scope,speed,key,completion_rate,avg_score_at_180,avg_success_at,best_at,cases
schedule,同等,1:E2 | 2:E2+S1/E>S | 3:S1,1,242.59259259259258,80.36616481481475,68.396,540
schedule,同等,1:E2 | 2:E2+S1/S>E | 3:S1,1,242.59259259259258,80.36616481481475,68.396,540
schedule,同等,1:E3 | 2:E1+S1/E>S | 3:S1,1,242.59259259259258,82.94849629629633,68.4,540
schedule,同等,1:E3 | 2:E1+S1/S>E | 3:S1,1,242.59259259259258,82.94849629629633,68.4,540
schedule,同等,1:E2 | 2:E2 | 3:S2,1,242.59259259259258,83.0909444444444,64.115,540
schedule,同等,1:E3 | 2:E1+S2/E>S,1,242.59259259259258,83.96616481481487,71.996,540
schedule,同等,1:E3 | 2:E1+S2/S>E,1,242.59259259259258,83.96616481481487,71.996,540
schedule,同等,1:E2+S1/S>E | 2:E2 | 3:S1,1,242.59259259259258,84.90261481481488,70.016,540
schedule,同等,1:E3 | 2:E1 | 3:S2,1,242.59259259259258,85.25094444444451,67.715,540
schedule,同等,1:E2+S1/E>S | 2:E2 | 3:S1,1,242.59259259259258,85.8062055555556,70.92,540
schedule,同等,1:E3 | 2:S2 | 3:E1,1,242.59259259259258,86.1774481481482,67.715,540
schedule,同等,1:E2+S1/S>E | 2:E2+S1/E>S,1,242.59259259259258,86.26732407407417,74.298,540
schedule,同等,1:E2+S1/S>E | 2:E2+S1/S>E,1,242.59259259259258,86.26732407407417,74.298,540
schedule,同等,1:E2+S1/E>S | 2:E2+S1/E>S,1,242.59259259259258,87.17092037037035,75.201,540
schedule,同等,1:E2+S1/E>S | 2:E2+S1/S>E,1,242.59259259259258,87.17092037037035,75.201,540
schedule,同等,1:E2 | 2:E1+S2/E>S | 3:E1,1,242.59259259259258,87.50589629629619,68.396,540
schedule,同等,1:E2 | 2:E1+S2/S>E | 3:E1,1,242.59259259259258,87.50589629629619,68.396,540
schedule,同等,1:E3 | 2:S1 | 3:E1+S1/E>S,1,242.59259259259258,88.1003277777778,67.715,540
schedule,同等,1:E3 | 2:S1 | 3:E1+S1/S>E,1,242.59259259259258,88.1003277777778,67.715,540
schedule,同等,1:E2 | 2:S2 | 3:E2,1,242.59259259259258,88.82692407407411,78.507,540
schedule,同等,1:E2 | 2:E1+S1/E>S | 3:E1+S1/E>S,1,242.59259259259258,89.04711666666681,67.763,540
schedule,同等,1:E2 | 2:E1+S1/E>S | 3:E1+S1/S>E,1,242.59259259259258,89.04711666666681,67.763,540
schedule,同等,1:E2 | 2:E1+S1/S>E | 3:E1+S1/E>S,1,242.59259259259258,89.04711666666681,67.763,540
schedule,同等,1:E2 | 2:E1+S1/S>E | 3:E1+S1/S>E,1,242.59259259259258,89.04711666666681,67.763,540
schedule,同等,1:E2+S1/S>E | 2:E1 | 3:E1+S1/E>S,1,242.59259259259258,90.62120925925919,70.016,540
schedule,同等,1:E2+S1/S>E | 2:E1 | 3:E1+S1/S>E,1,242.59259259259258,90.62120925925919,70.016,540
schedule,同等,1:E2+S1/S>E | 2:E1+S1/E>S | 3:E1,1,242.59259259259258,90.79230370370368,70.701,540
schedule,同等,1:E2+S1/S>E | 2:E1+S1/S>E | 3:E1,1,242.59259259259258,90.79230370370368,70.701,540
schedule,同等,1:E2+S1/S>E | 2:S1 | 3:E2,1,242.59259259259258,91.12814444444435,80.808,540
schedule,同等,1:E2+S1/E>S | 2:E1 | 3:E1+S1/E>S,1,242.59259259259258,91.52479259259273,70.92,540
schedule,同等,1:E2+S1/E>S | 2:E1 | 3:E1+S1/S>E,1,242.59259259259258,91.52479259259273,70.92,540
schedule,同等,1:E2+S1/E>S | 2:E1+S1/E>S | 3:E1,1,242.59259259259258,91.69589814814826,71.605,540
schedule,同等,1:E2+S1/E>S | 2:E1+S1/S>E | 3:E1,1,242.59259259259258,91.69589814814826,71.605,540
schedule,同等,1:E2 | 2:S1 | 3:E2+S1/E>S,1,242.59259259259258,92.031738888889,81.711,540
schedule,同等,1:E2 | 2:S1 | 3:E2+S1/S>E,1,242.59259259259258,92.031738888889,81.711,540
schedule,同等,1:E2+S1/E>S | 2:S1 | 3:E2,1,242.59259259259258,92.031738888889,81.711,540
schedule,同等,1:E2 | 2:E1 | 3:E1+S2/E>S,1,242.59259259259258,92.39789074074051,82.078,540
schedule,同等,1:E2 | 2:E1 | 3:E1+S2/S>E,1,242.59259259259258,92.39789074074051,82.078,540
schedule,同等,1:S1 | 2:E2 | 3:E2+S1/E>S,1,242.59259259259258,92.77741111111104,80.808,540
schedule,同等,1:S1 | 2:E2 | 3:E2+S1/S>E,1,242.59259259259258,92.77741111111104,80.808,540
schedule,同等,1:E1 | 2:E2 | 3:E1+S2/E>S,1,242.59259259259258,94.0472333333333,82.078,540
schedule,同等,1:E1 | 2:E2 | 3:E1+S2/S>E,1,242.59259259259258,94.0472333333333,82.078,540
schedule,同等,1:S2 | 2:E2 | 3:E2,1,242.59259259259258,95.01270740740735,80.126,540
schedule,同等,1:S1 | 2:E3 | 3:E1+S1/E>S,1,242.59259259259258,95.18864074074068,80.126,540
schedule,同等,1:S1 | 2:E3 | 3:E1+S1/S>E,1,242.59259259259258,95.18864074074068,80.126,540
schedule,同等,1:E1 | 2:E3 | 3:S2,1,242.59259259259258,96.28253703703702,81.396,540
schedule,同等,1:E1+S1/S>E | 2:E1 | 3:E2+S1/E>S,1,242.59259259259258,96.34839074074061,84.379,540
schedule,同等,1:E1+S1/S>E | 2:E1 | 3:E2+S1/S>E,1,242.59259259259258,96.34839074074061,84.379,540
schedule,同等,1:E1 | 2:E1+S1/E>S | 3:E2+S1/E>S,1,242.59259259259258,97.25199629629638,85.282,540
schedule,同等,1:E1 | 2:E1+S1/E>S | 3:E2+S1/S>E,1,242.59259259259258,97.25199629629638,85.282,540
schedule,同等,1:E1 | 2:E1+S1/S>E | 3:E2+S1/E>S,1,242.59259259259258,97.25199629629638,85.282,540
schedule,同等,1:E1 | 2:E1+S1/S>E | 3:E2+S1/S>E,1,242.59259259259258,97.25199629629638,85.282,540
schedule,同等,1:E1+S1/E>S | 2:E1 | 3:E2+S1/E>S,1,242.59259259259258,97.25199629629638,85.282,540
schedule,同等,1:E1+S1/E>S | 2:E1 | 3:E2+S1/S>E,1,242.59259259259258,97.25199629629638,85.282,540
schedule,同等,1:S1 | 2:E2+S1/E>S | 3:E2,1,242.59259259259258,98.21746851851867,83.331,540
schedule,同等,1:S1 | 2:E2+S1/S>E | 3:E2,1,242.59259259259258,98.21746851851867,83.331,540
schedule,同等,1:E1+S2/S>E | 2:E1 | 3:E2,1,242.59259259259258,98.58368333333341,83.697,540
schedule,同等,1:S2 | 2:E3 | 3:E1,1,242.59259259259258,98.61270740740748,83.726,540
schedule,同等,1:E1+S1/S>E | 2:E2 | 3:E1+S1/E>S,1,242.59259259259258,98.75961851851861,83.697,540
schedule,同等,1:E1+S1/S>E | 2:E2 | 3:E1+S1/S>E,1,242.59259259259258,98.75961851851861,83.697,540
schedule,同等,1:E1 | 2:E1+S2/E>S | 3:E2,1,242.59259259259258,99.48728703703702,84.601,540
schedule,同等,1:E1 | 2:E1+S2/S>E | 3:E2,1,242.59259259259258,99.48728703703702,84.601,540
schedule,同等,1:E1+S2/E>S | 2:E1 | 3:E2,1,242.59259259259258,99.48728703703702,84.601,540
schedule,同等,1:E1 | 2:E2+S1/E>S | 3:E1+S1/E>S,1,242.59259259259258,99.66322407407402,84.601,540
schedule,同等,1:E1 | 2:E2+S1/E>S | 3:E1+S1/S>E,1,242.59259259259258,99.66322407407402,84.601,540
schedule,同等,1:E1 | 2:E2+S1/S>E | 3:E1+S1/E>S,1,242.59259259259258,99.66322407407402,84.601,540
schedule,同等,1:E1 | 2:E2+S1/S>E | 3:E1+S1/S>E,1,242.59259259259258,99.66322407407402,84.601,540
schedule,同等,1:E1+S1/E>S | 2:E2 | 3:E1+S1/E>S,1,242.59259259259258,99.66322407407402,84.601,540
schedule,同等,1:E1+S1/E>S | 2:E2 | 3:E1+S1/S>E,1,242.59259259259258,99.66322407407402,84.601,540
schedule,同等,1:E1+S1/S>E | 2:E1+S1/E>S | 3:E2,1,242.59259259259258,101.78845925925924,86.902,540
schedule,同等,1:E1+S1/S>E | 2:E1+S1/S>E | 3:E2,1,242.59259259259258,101.78845925925924,86.902,540
schedule,同等,1:E1+S1/S>E | 2:E3 | 3:S1,1,242.59259259259258,102.18368333333345,87.297,540
schedule,同等,1:E1+S2/S>E | 2:E2 | 3:E1,1,242.59259259259258,102.18368333333345,87.297,540
schedule,同等,1:E1+S1/E>S | 2:E1+S1/E>S | 3:E2,1,242.59259259259258,102.69200740740749,87.806,540
schedule,同等,1:E1+S1/E>S | 2:E1+S1/S>E | 3:E2,1,242.59259259259258,102.69200740740749,87.806,540
schedule,同等,1:E1+S1/E>S | 2:E3 | 3:S1,1,242.59259259259258,103.08728703703686,88.201,540
schedule,同等,1:E1+S2/E>S | 2:E2 | 3:E1,1,242.59259259259258,103.08728703703686,88.201,540
schedule,同等,1:E1+S1/S>E | 2:E2+S1/E>S | 3:E1,1,242.59259259259258,105.38845925925925,90.502,540
schedule,同等,1:E1+S1/S>E | 2:E2+S1/S>E | 3:E1,1,242.59259259259258,105.38845925925925,90.502,540
schedule,同等,1:E1+S2/S>E | 2:E3,1,242.59259259259258,105.78368333333327,90.897,540
schedule,同等,1:E1+S1/E>S | 2:E2+S1/E>S | 3:E1,1,242.59259259259258,106.29200740740737,91.406,540
schedule,同等,1:E1+S1/E>S | 2:E2+S1/S>E | 3:E1,1,242.59259259259258,106.29200740740737,91.406,540
schedule,同等,1:E1+S2/E>S | 2:E3,1,242.59259259259258,106.6872870370372,91.801,540
schedule,同等,1:S2 | 2:E1 | 3:E3,1,242.59259259259258,112.29375925925926,97.407,540
schedule,同等,1:E1 | 2:S2 | 3:E3,1,242.59259259259258,113.19736666666655,98.311,540
schedule,同等,1:S1 | 2:E1+S1/E>S | 3:E3,1,242.59259259259258,115.49853703703693,100.612,540
schedule,同等,1:S1 | 2:E1+S1/S>E | 3:E3,1,242.59259259259258,115.49853703703693,100.612,540
schedule,同等,1:E1+S1/S>E | 2:S1 | 3:E3,1,242.59259259259258,115.49853703703693,100.612,540
schedule,同等,1:E1+S1/E>S | 2:S1 | 3:E3,1,242.59259259259258,116.4020925925927,101.516,540
trip,同等,1 / E3,1,242.59259259259258,85.18229629629651,67.715,4320
trip,同等,3 / S1,1,242.59259259259258,87.82613912037066,68.396,4320
trip,同等,1 / E2,1,242.59259259259258,88.05069404761888,64.115,7560
trip,同等,3 / S2,1,242.59259259259258,88.20814197530859,64.115,1620
trip,同等,1 / E2+S1/S>E,1,242.59259259259258,88.92405416666578,70.016,4320
trip,同等,1 / E2+S1/E>S,1,242.59259259259258,89.82764583333346,70.92,4320
trip,同等,2 / E1+S2/E>S,1,242.59259259259258,90.31978271604935,68.396,1620
trip,同等,2 / E1+S2/S>E,1,242.59259259259258,90.31978271604935,68.396,1620
trip,同等,3 / (なし),1,242.59259259259258,90.90997361111108,71.996,4320
trip,同等,3 / E1+S2/E>S,1,242.59259259259258,93.22256203703697,82.078,1080
trip,同等,3 / E1+S2/S>E,1,242.59259259259258,93.22256203703697,82.078,1080
trip,同等,3 / E1+S1/E>S,1,242.59259259259258,94.12784944444448,67.715,5400
trip,同等,3 / E1+S1/S>E,1,242.59259259259258,94.12784944444448,67.715,5400
trip,同等,2 / E2,1,242.59259259259258,94.6127440476192,64.115,7560
trip,同等,2 / E1,1,242.59259259259258,95.1360166666674,67.715,7560
trip,同等,2 / E2+S1/E>S,1,242.59259259259258,95.37859907407389,68.396,4320
trip,同等,2 / E2+S1/S>E,1,242.59259259259258,95.37859907407389,68.396,4320
trip,同等,3 / E2+S1/E>S,1,242.59259259259258,95.48558827160478,80.808,3240
trip,同等,3 / E2+S1/S>E,1,242.59259259259258,95.48558827160478,80.808,3240
trip,同等,2 / E1+S1/E>S,1,242.59259259259258,95.80139277777774,67.763,5400
trip,同等,2 / E1+S1/S>E,1,242.59259259259258,95.80139277777774,67.763,5400
trip,同等,2 / S2,1,242.59259259259258,96.06724629629622,67.715,1620
trip,同等,3 / E1,1,242.59259259259258,96.67216111111149,67.715,7560
trip,同等,2 / S1,1,242.59259259259258,96.91558078703767,67.715,4320
trip,同等,3 / E2,1,242.59259259259258,97.81720925925946,78.507,7560
trip,同等,1 / E1,1,242.59259259259258,98.87213042328139,81.396,7560
trip,同等,2 / E3,1,242.59259259259258,100.3768083333332,80.126,4320
trip,同等,1 / S1,1,242.59259259259258,100.4205143518516,80.126,4320
trip,同等,1 / S2,1,242.59259259259258,101.97305802469124,80.126,1620
trip,同等,1 / E1+S2/S>E,1,242.59259259259258,102.18368333333333,83.697,1620
trip,同等,1 / E1+S1/S>E,1,242.59259259259258,102.22520759259255,83.697,5400
trip,同等,1 / E1+S2/E>S,1,242.59259259259258,103.08728703703702,84.601,1620
trip,同等,1 / E1+S1/E>S,1,242.59259259259258,103.12878500000063,84.601,5400
trip,同等,3 / E3,1,242.59259259259258,114.73147160493805,97.407,3240
schedule,1/2,1:E2 | 2:E2+S1/E>S | 3:S1,1,242.59259259259258,140.54259074074096,120.2,540
schedule,1/2,1:E2 | 2:E2+S1/S>E | 3:S1,1,242.59259259259258,140.54259074074096,120.2,540
schedule,1/2,1:E2 | 2:E2 | 3:S2,1,242.59259259259258,144.71680925925915,115.355,540
schedule,1/2,1:E3 | 2:E1+S1/E>S | 3:S1,1,242.59259259259258,146.20692037037017,122.555,540
schedule,1/2,1:E3 | 2:E1+S1/S>E | 3:S1,1,242.59259259259258,146.20692037037017,122.555,540
schedule,1/2,1:E3 | 2:E1+S2/E>S,1,242.59259259259258,147.74259074074055,127.4,540
schedule,1/2,1:E3 | 2:E1+S2/S>E,1,242.59259259259258,147.74259074074055,127.4,540
schedule,1/2,1:E3 | 2:E1 | 3:S2,1,242.59259259259258,149.03680925925897,122.555,540
schedule,1/2,1:E2+S1/S>E | 2:E2 | 3:S1,1,242.59259259259258,149.432825925926,125.808,540
schedule,1/2,1:E3 | 2:S2 | 3:E1,1,242.59259259259258,149.86019999999994,122.555,540
schedule,1/2,1:E2 | 2:E1+S2/E>S | 3:E1,1,242.59259259259258,150.78093518518543,120.2,540
schedule,1/2,1:E2 | 2:E1+S2/S>E | 3:E1,1,242.59259259259258,150.78093518518543,120.2,540
schedule,1/2,1:E2+S1/E>S | 2:E2 | 3:S1,1,242.59259259259258,150.7906962962963,127.166,540
schedule,1/2,1:E2+S1/S>E | 2:E2+S1/E>S,1,242.59259259259258,150.9951851851852,130.652,540
schedule,1/2,1:E2+S1/S>E | 2:E2+S1/S>E,1,242.59259259259258,150.9951851851852,130.652,540
schedule,1/2,1:E2+S1/E>S | 2:E2+S1/E>S,1,242.59259259259258,152.35305185185186,132.01,540
schedule,1/2,1:E2+S1/E>S | 2:E2+S1/S>E,1,242.59259259259258,152.35305185185186,132.01,540
schedule,1/2,1:E3 | 2:S1 | 3:E1+S1/E>S,1,242.59259259259258,152.62644444444427,122.555,540
schedule,1/2,1:E3 | 2:S1 | 3:E1+S1/S>E,1,242.59259259259258,152.62644444444427,122.555,540
schedule,1/2,1:E2 | 2:S2 | 3:E2,1,242.59259259259258,152.71679629629614,136.528,540
schedule,1/2,1:E2 | 2:E1+S1/E>S | 3:E1+S1/E>S,1,242.59259259259258,152.83685740740745,115.355,540
schedule,1/2,1:E2 | 2:E1+S1/E>S | 3:E1+S1/S>E,1,242.59259259259258,152.83685740740745,115.355,540
schedule,1/2,1:E2 | 2:E1+S1/S>E | 3:E1+S1/E>S,1,242.59259259259258,152.83685740740745,115.355,540
schedule,1/2,1:E2 | 2:E1+S1/S>E | 3:E1+S1/S>E,1,242.59259259259258,152.83685740740745,115.355,540
schedule,1/2,1:E2+S1/S>E | 2:S1 | 3:E2,1,242.59259259259258,155.9694000000001,139.781,540
schedule,1/2,1:E2+S1/S>E | 2:E1 | 3:E1+S1/E>S,1,242.59259259259258,156.18982777777796,125.808,540
schedule,1/2,1:E2+S1/S>E | 2:E1 | 3:E1+S1/S>E,1,242.59259259259258,156.18982777777796,125.808,540
schedule,1/2,1:E2+S1/S>E | 2:E1+S1/E>S | 3:E1,1,242.59259259259258,156.2031814814817,125.808,540
schedule,1/2,1:E2+S1/S>E | 2:E1+S1/S>E | 3:E1,1,242.59259259259258,156.2031814814817,125.808,540
schedule,1/2,1:E2 | 2:S1 | 3:E2+S1/E>S,1,242.59259259259258,157.3272314814814,141.139,540
schedule,1/2,1:E2 | 2:S1 | 3:E2+S1/S>E,1,242.59259259259258,157.3272314814814,141.139,540
schedule,1/2,1:E2+S1/E>S | 2:S1 | 3:E2,1,242.59259259259258,157.3272314814814,141.139,540
schedule,1/2,1:E2+S1/E>S | 2:E1 | 3:E1+S1/E>S,1,242.59259259259258,157.54770740740742,127.166,540
schedule,1/2,1:E2+S1/E>S | 2:E1 | 3:E1+S1/S>E,1,242.59259259259258,157.54770740740742,127.166,540
schedule,1/2,1:E2+S1/E>S | 2:E1+S1/E>S | 3:E1,1,242.59259259259258,157.56105925925925,127.166,540
schedule,1/2,1:E2+S1/E>S | 2:E1+S1/S>E | 3:E1,1,242.59259259259258,157.56105925925925,127.166,540
schedule,1/2,1:E2 | 2:E1 | 3:E1+S2/E>S,1,242.59259259259258,157.84515185185202,141.657,540
schedule,1/2,1:E2 | 2:E1 | 3:E1+S2/S>E,1,242.59259259259258,157.84515185185202,141.657,540
schedule,1/2,1:S1 | 2:E2 | 3:E2+S1/E>S,1,242.59259259259258,160.1235574074073,139.781,540
schedule,1/2,1:S1 | 2:E2 | 3:E2+S1/S>E,1,242.59259259259258,160.1235574074073,139.781,540
schedule,1/2,1:E1 | 2:E2 | 3:E1+S2/E>S,0.9888888888888889,242.14814814814815,161.79590636704117,141.657,540
schedule,1/2,1:E1 | 2:E2 | 3:E1+S2/S>E,0.9888888888888889,242.14814814814815,161.79590636704117,141.657,540
schedule,1/2,1:E1+S1/S>E | 2:E1 | 3:E2+S1/E>S,0.9481481481481482,240.5185185185185,164.32396093749995,144.909,540
schedule,1/2,1:E1+S1/S>E | 2:E1 | 3:E2+S1/S>E,0.9481481481481482,240.5185185185185,164.32396093749995,144.909,540
schedule,1/2,1:E1 | 2:E1+S1/E>S | 3:E2+S1/E>S,0.9407407407407408,240.22222222222223,165.5640255905507,146.267,540
schedule,1/2,1:E1 | 2:E1+S1/E>S | 3:E2+S1/S>E,0.9407407407407408,240.22222222222223,165.5640255905507,146.267,540
schedule,1/2,1:E1 | 2:E1+S1/S>E | 3:E2+S1/E>S,0.9407407407407408,240.22222222222223,165.5640255905507,146.267,540
schedule,1/2,1:E1 | 2:E1+S1/S>E | 3:E2+S1/S>E,0.9407407407407408,240.22222222222223,165.5640255905507,146.267,540
schedule,1/2,1:E1+S1/E>S | 2:E1 | 3:E2+S1/E>S,0.9407407407407408,240.22222222222223,165.5640255905507,146.267,540
schedule,1/2,1:E1+S1/E>S | 2:E1 | 3:E2+S1/S>E,0.9407407407407408,240.22222222222223,165.5640255905507,146.267,540
schedule,1/2,1:S2 | 2:E2 | 3:E2,0.9018518518518519,237.92592592592592,163.93094250513363,142.136,540
schedule,1/2,1:S1 | 2:E3 | 3:E1+S1/E>S,0.9018518518518519,237.92592592592592,163.94574948665314,142.136,540
schedule,1/2,1:S1 | 2:E3 | 3:E1+S1/S>E,0.9018518518518519,237.92592592592592,163.94574948665314,142.136,540
schedule,1/2,1:E1 | 2:E3 | 3:S2,0.8518518518518519,234.88888888888889,164.9173326086954,144.012,540
schedule,1/2,1:S1 | 2:E2+S1/E>S | 3:E2,0.7759259259259259,229.40740740740742,166.34018377088321,146.747,540
schedule,1/2,1:S1 | 2:E2+S1/S>E | 3:E2,0.7759259259259259,229.40740740740742,166.34018377088321,146.747,540
schedule,1/2,1:E1+S2/S>E | 2:E1 | 3:E2,0.7407407407407407,226.59259259259258,166.22686749999983,147.265,540
schedule,1/2,1:E1+S1/S>E | 2:E2 | 3:E1+S1/E>S,0.7407407407407407,226.59259259259258,166.24489499999984,147.265,540
schedule,1/2,1:E1+S1/S>E | 2:E2 | 3:E1+S1/S>E,0.7407407407407407,226.59259259259258,166.24489499999984,147.265,540
schedule,1/2,1:E1 | 2:E1+S2/E>S | 3:E2,0.7037037037037037,223.62962962962962,166.89982631578943,148.623,540
schedule,1/2,1:E1 | 2:E1+S2/S>E | 3:E2,0.7037037037037037,223.62962962962962,166.89982631578943,148.623,540
schedule,1/2,1:E1+S2/E>S | 2:E1 | 3:E2,0.7037037037037037,223.62962962962962,166.89982631578943,148.623,540
schedule,1/2,1:E1 | 2:E2+S1/E>S | 3:E1+S1/E>S,0.7037037037037037,223.62962962962962,166.91879473684207,148.623,540
schedule,1/2,1:E1 | 2:E2+S1/E>S | 3:E1+S1/S>E,0.7037037037037037,223.62962962962962,166.91879473684207,148.623,540
schedule,1/2,1:E1 | 2:E2+S1/S>E | 3:E1+S1/E>S,0.7037037037037037,223.62962962962962,166.91879473684207,148.623,540
schedule,1/2,1:E1 | 2:E2+S1/S>E | 3:E1+S1/S>E,0.7037037037037037,223.62962962962962,166.91879473684207,148.623,540
schedule,1/2,1:E1+S1/E>S | 2:E2 | 3:E1+S1/E>S,0.7037037037037037,223.62962962962962,166.91879473684207,148.623,540
schedule,1/2,1:E1+S1/E>S | 2:E2 | 3:E1+S1/S>E,0.7037037037037037,223.62962962962962,166.91879473684207,148.623,540
schedule,1/2,1:S2 | 2:E3 | 3:E1,0.6925925925925925,222.74074074074073,167.4112593582889,149.336,540
schedule,1/2,1:E1+S1/S>E | 2:E1+S1/E>S | 3:E2,0.6518518518518519,218,169.23813920454535,151.875,540
schedule,1/2,1:E1+S1/S>E | 2:E1+S1/S>E | 3:E2,0.6518518518518519,218,169.23813920454535,151.875,540
schedule,1/2,1:E1+S1/E>S | 2:E1+S1/E>S | 3:E2,0.5740740740740741,209.7037037037037,169.225064516129,153.233,540
schedule,1/2,1:E1+S1/E>S | 2:E1+S1/S>E | 3:E2,0.5740740740740741,209.7037037037037,169.225064516129,153.233,540
schedule,1/2,1:E1+S1/S>E | 2:E3 | 3:S1,0.5333333333333333,206.14814814814815,169.6880069444447,154.465,540
schedule,1/2,1:E1+S2/S>E | 2:E2 | 3:E1,0.5333333333333333,206.14814814814815,169.6880069444447,154.465,540
schedule,1/2,1:E1+S1/E>S | 2:E3 | 3:S1,0.48148148148148145,199.92592592592592,169.9952230769232,155.823,540
schedule,1/2,1:E1+S2/E>S | 2:E2 | 3:E1,0.48148148148148145,199.92592592592592,169.9952230769232,155.823,540
schedule,1/2,1:E1+S1/S>E | 2:E2+S1/E>S | 3:E1,0.37777777777777777,183.33333333333334,170.99911274509813,159.075,540
schedule,1/2,1:E1+S1/S>E | 2:E2+S1/S>E | 3:E1,0.37777777777777777,183.33333333333334,170.99911274509813,159.075,540
schedule,1/2,1:E1+S1/E>S | 2:E2+S1/E>S | 3:E1,0.31851851851851853,176.37037037037038,170.8253604651163,160.433,540
schedule,1/2,1:E1+S1/E>S | 2:E2+S1/S>E | 3:E1,0.31851851851851853,176.37037037037038,170.8253604651163,160.433,540
schedule,1/2,1:E1+S2/S>E | 2:E3,0.2814814814814815,168.8148148148148,170.94930263157906,161.665,540
schedule,1/2,1:E1+S2/E>S | 2:E3,0.23703703703703705,164.8148148148148,170.77820312500003,163.023,540
schedule,1/2,1:S2 | 2:E1 | 3:E3,0.14444444444444443,151.03703703703704,174.79975641025632,170.793,540
schedule,1/2,1:E1 | 2:S2 | 3:E3,0.1259259259259259,148.07407407407408,175.45432352941174,172.151,540
schedule,1/2,1:S1 | 2:E1+S1/E>S | 3:E3,0.1,144.8148148148148,178.18311111111106,175.404,540
schedule,1/2,1:S1 | 2:E1+S1/S>E | 3:E3,0.1,144.8148148148148,178.18311111111106,175.404,540
schedule,1/2,1:E1+S1/S>E | 2:S1 | 3:E3,0.1,144.8148148148148,178.18311111111106,175.404,540
schedule,1/2,1:E1+S1/E>S | 2:S1 | 3:E3,0.040740740740740744,141.4814814814815,177.94763636363635,176.761,540
trip,1/2,1 / E3,1,242.59259259259258,149.00611504629742,122.555,4320
trip,1/2,1 / E2,1,242.59259259259258,151.5552038359801,115.355,7560
trip,1/2,1 / E2+S1/S>E,1,242.59259259259258,154.0223268518527,125.808,4320
trip,1/2,1 / E2+S1/E>S,1,242.59259259259258,155.38019560185248,127.166,4320
trip,1/2,3 / E1+S2/E>S,0.9944444444444445,242.37037037037038,159.80949348230928,141.657,1080
trip,1/2,3 / E1+S2/S>E,0.9944444444444445,242.37037037037038,159.80949348230928,141.657,1080
trip,1/2,3 / E2+S1/E>S,0.9617283950617284,241.06172839506172,162.99000930680322,139.781,3240
trip,1/2,3 / E2+S1/S>E,0.9617283950617284,241.06172839506172,162.99000930680322,139.781,3240
trip,1/2,3 / S2,0.9506172839506173,240.02469135802468,152.26553701298693,115.355,1620
trip,1/2,2 / E1+S2/E>S,0.9012345679012346,236.2716049382716,153.85249178082185,120.2,1620
trip,1/2,2 / E1+S2/S>E,0.9012345679012346,236.2716049382716,153.85249178082185,120.2,1620
trip,1/2,2 / E1,0.8833333333333333,232.9206349206349,160.20021368673343,122.555,7560
trip,1/2,3 / S1,0.8768518518518519,232.7037037037037,149.1233046462514,120.2,4320
trip,1/2,3 / E1+S1/E>S,0.8753703703703704,234.83703703703705,159.4092064734517,115.355,5400
trip,1/2,3 / E1+S1/S>E,0.8753703703703704,234.83703703703705,159.4092064734517,115.355,5400
trip,1/2,2 / E2,0.8416666666666667,231.55026455026456,160.10635266383778,115.355,7560
trip,1/2,2 / E1+S1/E>S,0.8207407407407408,226.59259259259258,158.69015478339423,115.355,5400
trip,1/2,2 / E1+S1/S>E,0.8207407407407408,226.59259259259258,158.69015478339423,115.355,5400
trip,1/2,3 / (なし),0.8148148148148148,223.64814814814815,151.99488579545482,127.4,4320
trip,1/2,1 / E1,0.7814814814814814,226.42328042328043,165.4667283344606,141.657,7560
trip,1/2,3 / E2,0.7683862433862434,226.95767195767195,163.83102651058604,136.528,7560
trip,1/2,2 / S1,0.7675925925925926,217.7314814814815,156.05153407720135,122.555,4320
trip,1/2,2 / E2+S1/E>S,0.7349537037037037,220.5185185185185,157.6446138582675,120.2,4320
trip,1/2,2 / E2+S1/S>E,0.7349537037037037,220.5185185185185,157.6446138582675,120.2,4320
trip,1/2,3 / E1,0.7214285714285714,217.5978835978836,158.93758250825167,120.2,7560
trip,1/2,2 / S2,0.7086419753086419,211.08641975308643,152.71992334494774,122.555,1620
trip,1/2,1 / S1,0.6944444444444444,213.6851851851852,163.7511506666661,139.781,4320
trip,1/2,2 / E3,0.6101851851851852,209.14814814814815,166.56667374810345,142.136,4320
trip,1/2,1 / E1+S1/S>E,0.607037037037037,208.78518518518518,167.37857657107963,144.909,5400
trip,1/2,1 / S2,0.5796296296296296,203.90123456790124,166.21997976570785,142.136,1620
trip,1/2,1 / E1+S1/E>S,0.5596296296296296,204.1259259259259,167.72614295168742,146.267,5400
trip,1/2,1 / E1+S2/S>E,0.5185185185185185,200.5185185185185,168.26807976190412,147.265,1620
trip,1/2,1 / E1+S2/E>S,0.4740740740740741,196.12345679012347,168.59414322916692,148.623,1620
trip,1/2,3 / E3,0.10185185185185185,145.8395061728395,176.80541515151526,170.793,3240
schedule,1/4,1:E2 | 2:E2+S1/E>S | 3:S1,0,111.11111111111111,,,540
schedule,1/4,1:E2 | 2:E2+S1/S>E | 3:S1,0,111.11111111111111,,,540
schedule,1/4,1:E2 | 2:E2 | 3:S2,0,94.70370370370371,,,540
schedule,1/4,1:E2 | 2:E1+S1/E>S | 3:E1+S1/E>S,0,89.85185185185185,,,540
schedule,1/4,1:E2 | 2:E1+S1/E>S | 3:E1+S1/S>E,0,89.85185185185185,,,540
schedule,1/4,1:E2 | 2:E1+S1/S>E | 3:E1+S1/E>S,0,89.85185185185185,,,540
schedule,1/4,1:E2 | 2:E1+S1/S>E | 3:E1+S1/S>E,0,89.85185185185185,,,540
schedule,1/4,1:E3 | 2:E1+S1/E>S | 3:S1,0,89.33333333333333,,,540
schedule,1/4,1:E3 | 2:E1+S1/S>E | 3:S1,0,89.33333333333333,,,540
schedule,1/4,1:E2 | 2:E1+S2/E>S | 3:E1,0,89.25925925925925,,,540
schedule,1/4,1:E2 | 2:E1+S2/S>E | 3:E1,0,89.25925925925925,,,540
schedule,1/4,1:E3 | 2:E1+S2/E>S,0,85.85185185185185,,,540
schedule,1/4,1:E3 | 2:E1+S2/S>E,0,85.85185185185185,,,540
schedule,1/4,1:E3 | 2:E1 | 3:S2,0,83.5925925925926,,,540
schedule,1/4,1:E3 | 2:S2 | 3:E1,0,83.4074074074074,,,540
schedule,1/4,1:E2+S1/S>E | 2:E2 | 3:S1,0,79.18518518518519,,,540
schedule,1/4,1:E3 | 2:S1 | 3:E1+S1/E>S,0,78.5925925925926,,,540
schedule,1/4,1:E3 | 2:S1 | 3:E1+S1/S>E,0,78.5925925925926,,,540
schedule,1/4,1:E2 | 2:S2 | 3:E2,0,77.66666666666667,,,540
schedule,1/4,1:E2+S1/S>E | 2:E2+S1/E>S,0,76.62962962962963,,,540
schedule,1/4,1:E2+S1/S>E | 2:E2+S1/S>E,0,76.62962962962963,,,540
schedule,1/4,1:E2+S1/E>S | 2:E2 | 3:S1,0,76.33333333333333,,,540
schedule,1/4,1:E2+S1/E>S | 2:E2+S1/E>S,0,73.81481481481481,,,540
schedule,1/4,1:E2+S1/E>S | 2:E2+S1/S>E,0,73.81481481481481,,,540
schedule,1/4,1:E2+S1/S>E | 2:S1 | 3:E2,0,73.37037037037037,,,540
schedule,1/4,1:E2+S1/S>E | 2:E1 | 3:E1+S1/E>S,0,73.03703703703704,,,540
schedule,1/4,1:E2+S1/S>E | 2:E1 | 3:E1+S1/S>E,0,73.03703703703704,,,540
schedule,1/4,1:E2+S1/S>E | 2:E1+S1/E>S | 3:E1,0,73.03703703703704,,,540
schedule,1/4,1:E2+S1/S>E | 2:E1+S1/S>E | 3:E1,0,73.03703703703704,,,540
schedule,1/4,1:E2+S1/E>S | 2:E1 | 3:E1+S1/E>S,0,71.96296296296296,,,540
schedule,1/4,1:E2+S1/E>S | 2:E1 | 3:E1+S1/S>E,0,71.96296296296296,,,540
schedule,1/4,1:E2+S1/E>S | 2:E1+S1/E>S | 3:E1,0,71.96296296296296,,,540
schedule,1/4,1:E2+S1/E>S | 2:E1+S1/S>E | 3:E1,0,71.96296296296296,,,540
schedule,1/4,1:S1 | 2:E2 | 3:E2+S1/E>S,0,71.14814814814815,,,540
schedule,1/4,1:S1 | 2:E2 | 3:E2+S1/S>E,0,71.14814814814815,,,540
schedule,1/4,1:E2 | 2:S1 | 3:E2+S1/E>S,0,68.37037037037037,,,540
schedule,1/4,1:E2 | 2:S1 | 3:E2+S1/S>E,0,68.37037037037037,,,540
schedule,1/4,1:E2+S1/E>S | 2:S1 | 3:E2,0,68.37037037037037,,,540
schedule,1/4,1:E1 | 2:E2 | 3:E1+S2/E>S,0,67.33333333333333,,,540
schedule,1/4,1:E1 | 2:E2 | 3:E1+S2/S>E,0,67.33333333333333,,,540
schedule,1/4,1:E2 | 2:E1 | 3:E1+S2/E>S,0,67.33333333333333,,,540
schedule,1/4,1:E2 | 2:E1 | 3:E1+S2/S>E,0,67.33333333333333,,,540
schedule,1/4,1:S1 | 2:E2+S1/E>S | 3:E2,0,66.44444444444444,,,540
schedule,1/4,1:S1 | 2:E2+S1/S>E | 3:E2,0,66.44444444444444,,,540
schedule,1/4,1:S1 | 2:E3 | 3:E1+S1/E>S,0,66.44444444444444,,,540
schedule,1/4,1:S1 | 2:E3 | 3:E1+S1/S>E,0,66.44444444444444,,,540
schedule,1/4,1:S2 | 2:E2 | 3:E2,0,66.44444444444444,,,540
schedule,1/4,1:S2 | 2:E3 | 3:E1,0,66.44444444444444,,,540
schedule,1/4,1:E1 | 2:E1+S1/E>S | 3:E2+S1/E>S,0,66.44444444444444,,,540
schedule,1/4,1:E1 | 2:E1+S1/E>S | 3:E2+S1/S>E,0,66.44444444444444,,,540
schedule,1/4,1:E1 | 2:E1+S1/S>E | 3:E2+S1/E>S,0,66.44444444444444,,,540
schedule,1/4,1:E1 | 2:E1+S1/S>E | 3:E2+S1/S>E,0,66.44444444444444,,,540
schedule,1/4,1:E1 | 2:E1+S2/E>S | 3:E2,0,66.44444444444444,,,540
schedule,1/4,1:E1 | 2:E1+S2/S>E | 3:E2,0,66.44444444444444,,,540
schedule,1/4,1:E1 | 2:E2+S1/E>S | 3:E1+S1/E>S,0,66.44444444444444,,,540
schedule,1/4,1:E1 | 2:E2+S1/E>S | 3:E1+S1/S>E,0,66.44444444444444,,,540
schedule,1/4,1:E1 | 2:E2+S1/S>E | 3:E1+S1/E>S,0,66.44444444444444,,,540
schedule,1/4,1:E1 | 2:E2+S1/S>E | 3:E1+S1/S>E,0,66.44444444444444,,,540
schedule,1/4,1:E1 | 2:E3 | 3:S2,0,66.44444444444444,,,540
schedule,1/4,1:E1+S1/E>S | 2:E1 | 3:E2+S1/E>S,0,66.44444444444444,,,540
schedule,1/4,1:E1+S1/E>S | 2:E1 | 3:E2+S1/S>E,0,66.44444444444444,,,540
schedule,1/4,1:E1+S1/E>S | 2:E1+S1/E>S | 3:E2,0,66.44444444444444,,,540
schedule,1/4,1:E1+S1/E>S | 2:E1+S1/S>E | 3:E2,0,66.44444444444444,,,540
schedule,1/4,1:E1+S1/E>S | 2:E2 | 3:E1+S1/E>S,0,66.44444444444444,,,540
schedule,1/4,1:E1+S1/E>S | 2:E2 | 3:E1+S1/S>E,0,66.44444444444444,,,540
schedule,1/4,1:E1+S1/S>E | 2:E1 | 3:E2+S1/E>S,0,66.44444444444444,,,540
schedule,1/4,1:E1+S1/S>E | 2:E1 | 3:E2+S1/S>E,0,66.44444444444444,,,540
schedule,1/4,1:E1+S1/S>E | 2:E1+S1/E>S | 3:E2,0,66.44444444444444,,,540
schedule,1/4,1:E1+S1/S>E | 2:E1+S1/S>E | 3:E2,0,66.44444444444444,,,540
schedule,1/4,1:E1+S1/S>E | 2:E2 | 3:E1+S1/E>S,0,66.44444444444444,,,540
schedule,1/4,1:E1+S1/S>E | 2:E2 | 3:E1+S1/S>E,0,66.44444444444444,,,540
schedule,1/4,1:E1+S2/E>S | 2:E1 | 3:E2,0,66.44444444444444,,,540
schedule,1/4,1:E1+S2/S>E | 2:E1 | 3:E2,0,66.44444444444444,,,540
schedule,1/4,1:E1+S1/S>E | 2:E3 | 3:S1,0,65.55555555555556,,,540
schedule,1/4,1:E1+S2/S>E | 2:E2 | 3:E1,0,65.55555555555556,,,540
schedule,1/4,1:E1+S1/E>S | 2:E3 | 3:S1,0,64.66666666666667,,,540
schedule,1/4,1:E1+S2/E>S | 2:E2 | 3:E1,0,64.66666666666667,,,540
schedule,1/4,1:E1+S1/S>E | 2:E2+S1/E>S | 3:E1,0,63.77777777777778,,,540
schedule,1/4,1:E1+S1/S>E | 2:E2+S1/S>E | 3:E1,0,63.77777777777778,,,540
schedule,1/4,1:E1+S1/E>S | 2:E2+S1/E>S | 3:E1,0,59.333333333333336,,,540
schedule,1/4,1:E1+S1/E>S | 2:E2+S1/S>E | 3:E1,0,59.333333333333336,,,540
schedule,1/4,1:E1+S2/S>E | 2:E3,0,50.148148148148145,,,540
schedule,1/4,1:E1+S2/E>S | 2:E3,0,49.25925925925926,,,540
schedule,1/4,1:S2 | 2:E1 | 3:E3,0,45.18518518518518,,,540
schedule,1/4,1:S1 | 2:E1+S1/E>S | 3:E3,0,34.81481481481482,,,540
schedule,1/4,1:S1 | 2:E1+S1/S>E | 3:E3,0,34.81481481481482,,,540
schedule,1/4,1:E1 | 2:S2 | 3:E3,0,34.81481481481482,,,540
schedule,1/4,1:E1+S1/S>E | 2:S1 | 3:E3,0,34.81481481481482,,,540
schedule,1/4,1:E1+S1/E>S | 2:S1 | 3:E3,0,30,,,540
trip,1/4,1 / E2,0,85.994708994709,,,7560
trip,1/4,3 / S1,0,85.82870370370371,,,4320
trip,1/4,1 / E3,0,84.31944444444444,,,4320
trip,1/4,3 / S2,0,81.58024691358025,,,1620
trip,1/4,2 / E1+S2/E>S,0,80.51851851851852,,,1620
trip,1/4,2 / E1+S2/S>E,0,80.51851851851852,,,1620
trip,1/4,1 / E2+S1/S>E,0,74.74537037037037,,,4320
trip,1/4,3 / E1+S1/E>S,0,73.55185185185185,,,5400
trip,1/4,3 / E1+S1/S>E,0,73.55185185185185,,,5400
trip,1/4,2 / E2+S1/E>S,0,73,,,4320
trip,1/4,2 / E2+S1/S>E,0,73,,,4320
trip,1/4,1 / E2+S1/E>S,0,72.52314814814815,,,4320
trip,1/4,3 / (なし),0,71.5,,,4320
trip,1/4,2 / E1+S1/E>S,0,71.46296296296296,,,5400
trip,1/4,2 / E1+S1/S>E,0,71.46296296296296,,,5400
trip,1/4,3 / E1,0,71.05820105820106,,,7560
trip,1/4,2 / E2,0,70.68783068783068,,,7560
trip,1/4,2 / E1,0,68.0079365079365,,,7560
trip,1/4,3 / E2,0,67.87830687830687,,,7560
trip,1/4,3 / E2+S1/E>S,0,67.54938271604938,,,3240
trip,1/4,3 / E2+S1/S>E,0,67.54938271604938,,,3240
trip,1/4,3 / E1+S2/E>S,0,67.33333333333333,,,1080
trip,1/4,3 / E1+S2/S>E,0,67.33333333333333,,,1080
trip,1/4,2 / S2,0,65.29629629629629,,,1620
trip,1/4,1 / E1,0,64.31216931216932,,,7560
trip,1/4,1 / E1+S1/S>E,0,62.65925925925926,,,5400
trip,1/4,2 / S1,0,62.56018518518518,,,4320
trip,1/4,2 / E3,0,61.925925925925924,,,4320
trip,1/4,1 / E1+S1/E>S,0,61.2,,,5400
trip,1/4,1 / E1+S2/S>E,0,60.71604938271605,,,1620
trip,1/4,1 / E1+S2/E>S,0,60.123456790123456,,,1620
trip,1/4,1 / S1,0,59.71296296296296,,,4320
trip,1/4,1 / S2,0,59.358024691358025,,,1620
trip,1/4,3 / E3,0,35.74074074074074,,,3240